county_fips,county_name,periods,boundary_review,balanced_geography
01001,"Autauga County, Alabama",3,False,True
01003,"Baldwin County, Alabama",3,False,True
01005,"Barbour County, Alabama",3,False,True
01007,"Bibb County, Alabama",3,False,True
01009,"Blount County, Alabama",3,False,True
01011,"Bullock County, Alabama",3,False,True
01013,"Butler County, Alabama",3,False,True
01015,"Calhoun County, Alabama",3,False,True
01017,"Chambers County, Alabama",3,False,True
01019,"Cherokee County, Alabama",3,False,True
01021,"Chilton County, Alabama",3,False,True
01023,"Choctaw County, Alabama",3,False,True
01025,"Clarke County, Alabama",3,False,True
01027,"Clay County, Alabama",3,False,True
01029,"Cleburne County, Alabama",3,False,True
01031,"Coffee County, Alabama",3,False,True
01033,"Colbert County, Alabama",3,False,True
01035,"Conecuh County, Alabama",3,False,True
01037,"Coosa County, Alabama",3,False,True
01039,"Covington County, Alabama",3,False,True
01041,"Crenshaw County, Alabama",3,False,True
01043,"Cullman County, Alabama",3,False,True
01045,"Dale County, Alabama",3,False,True
01047,"Dallas County, Alabama",3,False,True
01049,"DeKalb County, Alabama",3,False,True
01051,"Elmore County, Alabama",3,False,True
01053,"Escambia County, Alabama",3,False,True
01055,"Etowah County, Alabama",3,False,True
01057,"Fayette County, Alabama",3,False,True
01059,"Franklin County, Alabama",3,False,True
01061,"Geneva County, Alabama",3,False,True
01063,"Greene County, Alabama",3,False,True
01065,"Hale County, Alabama",3,False,True
01067,"Henry County, Alabama",3,False,True
01069,"Houston County, Alabama",3,False,True
01071,"Jackson County, Alabama",3,False,True
01073,"Jefferson County, Alabama",3,False,True
01075,"Lamar County, Alabama",3,False,True
01077,"Lauderdale County, Alabama",3,False,True
01079,"Lawrence County, Alabama",3,False,True
01081,"Lee County, Alabama",3,False,True
01083,"Limestone County, Alabama",3,False,True
01085,"Lowndes County, Alabama",3,False,True
01087,"Macon County, Alabama",3,False,True
01089,"Madison County, Alabama",3,False,True
01091,"Marengo County, Alabama",3,False,True
01093,"Marion County, Alabama",3,False,True
01095,"Marshall County, Alabama",3,False,True
01097,"Mobile County, Alabama",3,False,True
01099,"Monroe County, Alabama",3,False,True
01101,"Montgomery County, Alabama",3,False,True
01103,"Morgan County, Alabama",3,False,True
01105,"Perry County, Alabama",3,False,True
01107,"Pickens County, Alabama",3,False,True
01109,"Pike County, Alabama",3,False,True
01111,"Randolph County, Alabama",3,False,True
01113,"Russell County, Alabama",3,False,True
01115,"St. Clair County, Alabama",3,False,True
01117,"Shelby County, Alabama",3,False,True
01119,"Sumter County, Alabama",3,False,True
01121,"Talladega County, Alabama",3,False,True
01123,"Tallapoosa County, Alabama",3,False,True
01125,"Tuscaloosa County, Alabama",3,False,True
01127,"Walker County, Alabama",3,False,True
01129,"Washington County, Alabama",3,False,True
01131,"Wilcox County, Alabama",3,False,True
01133,"Winston County, Alabama",3,False,True
02013,"Aleutians East Borough, Alaska",3,False,True
02016,"Aleutians West Census Area, Alaska",3,False,True
02020,"Anchorage Municipality, Alaska",3,False,True
02050,"Bethel Census Area, Alaska",3,False,True
02060,"Bristol Bay Borough, Alaska",3,False,True
02063,"Chugach Census Area, Alaska",1,True,False
02066,"Copper River Census Area, Alaska",1,True,False
02068,"Denali Borough, Alaska",3,False,True
02070,"Dillingham Census Area, Alaska",3,False,True
02090,"Fairbanks North Star Borough, Alaska",3,False,True
02100,"Haines Borough, Alaska",3,False,True
02105,"Hoonah-Angoon Census Area, Alaska",3,True,False
02110,"Juneau City and Borough, Alaska",3,False,True
02122,"Kenai Peninsula Borough, Alaska",3,False,True
02130,"Ketchikan Gateway Borough, Alaska",3,False,True
02150,"Kodiak Island Borough, Alaska",3,False,True
02158,"Kusilvak Census Area, Alaska",2,True,False
02164,"Lake and Peninsula Borough, Alaska",3,False,True
02170,"Matanuska-Susitna Borough, Alaska",3,False,True
02180,"Nome Census Area, Alaska",3,False,True
02185,"North Slope Borough, Alaska",3,False,True
02188,"Northwest Arctic Borough, Alaska",3,False,True
02195,"Petersburg Borough, Alaska",3,True,False
02198,"Prince of Wales-Hyder Census Area, Alaska",3,True,False
02220,"Sitka City and Borough, Alaska",3,False,True
02230,"Skagway Municipality, Alaska",3,False,True
02240,"Southeast Fairbanks Census Area, Alaska",3,False,True
02261,"Valdez-Cordova Census Area, Alaska",2,True,False
02270,"Wade Hampton Census Area, Alaska",1,True,False
02275,"Wrangell City and Borough, Alaska",3,False,True
02282,"Yakutat City and Borough, Alaska",3,False,True
02290,"Yukon-Koyukuk Census Area, Alaska",3,False,True
04001,"Apache County, Arizona",3,False,True
04003,"Cochise County, Arizona",3,False,True
04005,"Coconino County, Arizona",3,False,True
04007,"Gila County, Arizona",3,False,True
04009,"Graham County, Arizona",3,False,True
04011,"Greenlee County, Arizona",3,False,True
04012,"La Paz County, Arizona",3,False,True
04013,"Maricopa County, Arizona",3,False,True
04015,"Mohave County, Arizona",3,False,True
04017,"Navajo County, Arizona",3,False,True
04019,"Pima County, Arizona",3,False,True
04021,"Pinal County, Arizona",3,False,True
04023,"Santa Cruz County, Arizona",3,False,True
04025,"Yavapai County, Arizona",3,False,True
04027,"Yuma County, Arizona",3,False,True
05001,"Arkansas County, Arkansas",3,False,True
05003,"Ashley County, Arkansas",3,False,True
05005,"Baxter County, Arkansas",3,False,True
05007,"Benton County, Arkansas",3,False,True
05009,"Boone County, Arkansas",3,False,True
05011,"Bradley County, Arkansas",3,False,True
05013,"Calhoun County, Arkansas",3,False,True
05015,"Carroll County, Arkansas",3,False,True
05017,"Chicot County, Arkansas",3,False,True
05019,"Clark County, Arkansas",3,False,True
05021,"Clay County, Arkansas",3,False,True
05023,"Cleburne County, Arkansas",3,False,True
05025,"Cleveland County, Arkansas",3,False,True
05027,"Columbia County, Arkansas",3,False,True
05029,"Conway County, Arkansas",3,False,True
05031,"Craighead County, Arkansas",3,False,True
05033,"Crawford County, Arkansas",3,False,True
05035,"Crittenden County, Arkansas",3,False,True
05037,"Cross County, Arkansas",3,False,True
05039,"Dallas County, Arkansas",3,False,True
05041,"Desha County, Arkansas",3,False,True
05043,"Drew County, Arkansas",3,False,True
05045,"Faulkner County, Arkansas",3,False,True
05047,"Franklin County, Arkansas",3,False,True
05049,"Fulton County, Arkansas",3,False,True
05051,"Garland County, Arkansas",3,False,True
05053,"Grant County, Arkansas",3,False,True
05055,"Greene County, Arkansas",3,False,True
05057,"Hempstead County, Arkansas",3,False,True
05059,"Hot Spring County, Arkansas",3,False,True
05061,"Howard County, Arkansas",3,False,True
05063,"Independence County, Arkansas",3,False,True
05065,"Izard County, Arkansas",3,False,True
05067,"Jackson County, Arkansas",3,False,True
05069,"Jefferson County, Arkansas",3,False,True
05071,"Johnson County, Arkansas",3,False,True
05073,"Lafayette County, Arkansas",3,False,True
05075,"Lawrence County, Arkansas",3,False,True
05077,"Lee County, Arkansas",3,False,True
05079,"Lincoln County, Arkansas",3,False,True
05081,"Little River County, Arkansas",3,False,True
05083,"Logan County, Arkansas",3,False,True
05085,"Lonoke County, Arkansas",3,False,True
05087,"Madison County, Arkansas",3,False,True
05089,"Marion County, Arkansas",3,False,True
05091,"Miller County, Arkansas",3,False,True
05093,"Mississippi County, Arkansas",3,False,True
05095,"Monroe County, Arkansas",3,False,True
05097,"Montgomery County, Arkansas",3,False,True
05099,"Nevada County, Arkansas",3,False,True
05101,"Newton County, Arkansas",3,False,True
05103,"Ouachita County, Arkansas",3,False,True
05105,"Perry County, Arkansas",3,False,True
05107,"Phillips County, Arkansas",3,False,True
05109,"Pike County, Arkansas",3,False,True
05111,"Poinsett County, Arkansas",3,False,True
05113,"Polk County, Arkansas",3,False,True
05115,"Pope County, Arkansas",3,False,True
05117,"Prairie County, Arkansas",3,False,True
05119,"Pulaski County, Arkansas",3,False,True
05121,"Randolph County, Arkansas",3,False,True
05123,"St. Francis County, Arkansas",3,False,True
05125,"Saline County, Arkansas",3,False,True
05127,"Scott County, Arkansas",3,False,True
05129,"Searcy County, Arkansas",3,False,True
05131,"Sebastian County, Arkansas",3,False,True
05133,"Sevier County, Arkansas",3,False,True
05135,"Sharp County, Arkansas",3,False,True
05137,"Stone County, Arkansas",3,False,True
05139,"Union County, Arkansas",3,False,True
05141,"Van Buren County, Arkansas",3,False,True
05143,"Washington County, Arkansas",3,False,True
05145,"White County, Arkansas",3,False,True
05147,"Woodruff County, Arkansas",3,False,True
05149,"Yell County, Arkansas",3,False,True
06001,"Alameda County, California",3,False,True
06003,"Alpine County, California",3,False,True
06005,"Amador County, California",3,False,True
06007,"Butte County, California",3,False,True
06009,"Calaveras County, California",3,False,True
06011,"Colusa County, California",3,False,True
06013,"Contra Costa County, California",3,False,True
06015,"Del Norte County, California",3,False,True
06017,"El Dorado County, California",3,False,True
06019,"Fresno County, California",3,False,True
06021,"Glenn County, California",3,False,True
06023,"Humboldt County, California",3,False,True
06025,"Imperial County, California",3,False,True
06027,"Inyo County, California",3,False,True
06029,"Kern County, California",3,False,True
06031,"Kings County, California",3,False,True
06033,"Lake County, California",3,False,True
06035,"Lassen County, California",3,False,True
06037,"Los Angeles County, California",3,False,True
06039,"Madera County, California",3,False,True
06041,"Marin County, California",3,False,True
06043,"Mariposa County, California",3,False,True
06045,"Mendocino County, California",3,False,True
06047,"Merced County, California",3,False,True
06049,"Modoc County, California",3,False,True
06051,"Mono County, California",3,False,True
06053,"Monterey County, California",3,False,True
06055,"Napa County, California",3,False,True
06057,"Nevada County, California",3,False,True
06059,"Orange County, California",3,False,True
06061,"Placer County, California",3,False,True
06063,"Plumas County, California",3,False,True
06065,"Riverside County, California",3,False,True
06067,"Sacramento County, California",3,False,True
06069,"San Benito County, California",3,False,True
06071,"San Bernardino County, California",3,False,True
06073,"San Diego County, California",3,False,True
06075,"San Francisco County, California",3,False,True
06077,"San Joaquin County, California",3,False,True
06079,"San Luis Obispo County, California",3,False,True
06081,"San Mateo County, California",3,False,True
06083,"Santa Barbara County, California",3,False,True
06085,"Santa Clara County, California",3,False,True
06087,"Santa Cruz County, California",3,False,True
06089,"Shasta County, California",3,False,True
06091,"Sierra County, California",3,False,True
06093,"Siskiyou County, California",3,False,True
06095,"Solano County, California",3,False,True
06097,"Sonoma County, California",3,False,True
06099,"Stanislaus County, California",3,False,True
06101,"Sutter County, California",3,False,True
06103,"Tehama County, California",3,False,True
06105,"Trinity County, California",3,False,True
06107,"Tulare County, California",3,False,True
06109,"Tuolumne County, California",3,False,True
06111,"Ventura County, California",3,False,True
06113,"Yolo County, California",3,False,True
06115,"Yuba County, California",3,False,True
08001,"Adams County, Colorado",3,False,True
08003,"Alamosa County, Colorado",3,False,True
08005,"Arapahoe County, Colorado",3,False,True
08007,"Archuleta County, Colorado",3,False,True
08009,"Baca County, Colorado",3,False,True
08011,"Bent County, Colorado",3,False,True
08013,"Boulder County, Colorado",3,False,True
08014,"Broomfield County, Colorado",3,False,True
08015,"Chaffee County, Colorado",3,False,True
08017,"Cheyenne County, Colorado",3,False,True
08019,"Clear Creek County, Colorado",3,False,True
08021,"Conejos County, Colorado",3,False,True
08023,"Costilla County, Colorado",3,False,True
08025,"Crowley County, Colorado",3,False,True
08027,"Custer County, Colorado",3,False,True
08029,"Delta County, Colorado",3,False,True
08031,"Denver County, Colorado",3,False,True
08033,"Dolores County, Colorado",3,False,True
08035,"Douglas County, Colorado",3,False,True
08037,"Eagle County, Colorado",3,False,True
08039,"Elbert County, Colorado",3,False,True
08041,"El Paso County, Colorado",3,False,True
08043,"Fremont County, Colorado",3,False,True
08045,"Garfield County, Colorado",3,False,True
08047,"Gilpin County, Colorado",3,False,True
08049,"Grand County, Colorado",3,False,True
08051,"Gunnison County, Colorado",3,False,True
08053,"Hinsdale County, Colorado",3,False,True
08055,"Huerfano County, Colorado",3,False,True
08057,"Jackson County, Colorado",3,False,True
08059,"Jefferson County, Colorado",3,False,True
08061,"Kiowa County, Colorado",3,False,True
08063,"Kit Carson County, Colorado",3,False,True
08065,"Lake County, Colorado",3,False,True
08067,"La Plata County, Colorado",3,False,True
08069,"Larimer County, Colorado",3,False,True
08071,"Las Animas County, Colorado",3,False,True
08073,"Lincoln County, Colorado",3,False,True
08075,"Logan County, Colorado",3,False,True
08077,"Mesa County, Colorado",3,False,True
08079,"Mineral County, Colorado",3,False,True
08081,"Moffat County, Colorado",3,False,True
08083,"Montezuma County, Colorado",3,False,True
08085,"Montrose County, Colorado",3,False,True
08087,"Morgan County, Colorado",3,False,True
08089,"Otero County, Colorado",3,False,True
08091,"Ouray County, Colorado",3,False,True
08093,"Park County, Colorado",3,False,True
08095,"Phillips County, Colorado",3,False,True
08097,"Pitkin County, Colorado",3,False,True
08099,"Prowers County, Colorado",3,False,True
08101,"Pueblo County, Colorado",3,False,True
08103,"Rio Blanco County, Colorado",3,False,True
08105,"Rio Grande County, Colorado",3,False,True
08107,"Routt County, Colorado",3,False,True
08109,"Saguache County, Colorado",3,False,True
08111,"San Juan County, Colorado",3,False,True
08113,"San Miguel County, Colorado",3,False,True
08115,"Sedgwick County, Colorado",3,False,True
08117,"Summit County, Colorado",3,False,True
08119,"Teller County, Colorado",3,False,True
08121,"Washington County, Colorado",3,False,True
08123,"Weld County, Colorado",3,False,True
08125,"Yuma County, Colorado",3,False,True
09001,"Fairfield County, Connecticut",2,True,False
09003,"Hartford County, Connecticut",2,True,False
09005,"Litchfield County, Connecticut",2,True,False
09007,"Middlesex County, Connecticut",2,True,False
09009,"New Haven County, Connecticut",2,True,False
09011,"New London County, Connecticut",2,True,False
09013,"Tolland County, Connecticut",2,True,False
09015,"Windham County, Connecticut",2,True,False
09110,"Capitol Planning Region, Connecticut",1,True,False
09120,"Greater Bridgeport Planning Region, Connecticut",1,True,False
09130,"Lower Connecticut River Valley Planning Region, Connecticut",1,True,False
09140,"Naugatuck Valley Planning Region, Connecticut",1,True,False
09150,"Northeastern Connecticut Planning Region, Connecticut",1,True,False
09160,"Northwest Hills Planning Region, Connecticut",1,True,False
09170,"South Central Connecticut Planning Region, Connecticut",1,True,False
09180,"Southeastern Connecticut Planning Region, Connecticut",1,True,False
09190,"Western Connecticut Planning Region, Connecticut",1,True,False
10001,"Kent County, Delaware",3,False,True
10003,"New Castle County, Delaware",3,False,True
10005,"Sussex County, Delaware",3,False,True
11001,"District of Columbia, District of Columbia",3,False,True
12001,"Alachua County, Florida",3,False,True
12003,"Baker County, Florida",3,False,True
12005,"Bay County, Florida",3,False,True
12007,"Bradford County, Florida",3,False,True
12009,"Brevard County, Florida",3,False,True
12011,"Broward County, Florida",3,False,True
12013,"Calhoun County, Florida",3,False,True
12015,"Charlotte County, Florida",3,False,True
12017,"Citrus County, Florida",3,False,True
12019,"Clay County, Florida",3,False,True
12021,"Collier County, Florida",3,False,True
12023,"Columbia County, Florida",3,False,True
12027,"DeSoto County, Florida",3,False,True
12029,"Dixie County, Florida",3,False,True
12031,"Duval County, Florida",3,False,True
12033,"Escambia County, Florida",3,False,True
12035,"Flagler County, Florida",3,False,True
12037,"Franklin County, Florida",3,False,True
12039,"Gadsden County, Florida",3,False,True
12041,"Gilchrist County, Florida",3,False,True
12043,"Glades County, Florida",3,False,True
12045,"Gulf County, Florida",3,False,True
12047,"Hamilton County, Florida",3,False,True
12049,"Hardee County, Florida",3,False,True
12051,"Hendry County, Florida",3,False,True
12053,"Hernando County, Florida",3,False,True
12055,"Highlands County, Florida",3,False,True
12057,"Hillsborough County, Florida",3,False,True
12059,"Holmes County, Florida",3,False,True
12061,"Indian River County, Florida",3,False,True
12063,"Jackson County, Florida",3,False,True
12065,"Jefferson County, Florida",3,False,True
12067,"Lafayette County, Florida",3,False,True
12069,"Lake County, Florida",3,False,True
12071,"Lee County, Florida",3,False,True
12073,"Leon County, Florida",3,False,True
12075,"Levy County, Florida",3,False,True
12077,"Liberty County, Florida",3,False,True
12079,"Madison County, Florida",3,False,True
12081,"Manatee County, Florida",3,False,True
12083,"Marion County, Florida",3,False,True
12085,"Martin County, Florida",3,False,True
12086,"Miami-Dade County, Florida",3,False,True
12087,"Monroe County, Florida",3,False,True
12089,"Nassau County, Florida",3,False,True
12091,"Okaloosa County, Florida",3,False,True
12093,"Okeechobee County, Florida",3,False,True
12095,"Orange County, Florida",3,False,True
12097,"Osceola County, Florida",3,False,True
12099,"Palm Beach County, Florida",3,False,True
12101,"Pasco County, Florida",3,False,True
12103,"Pinellas County, Florida",3,False,True
12105,"Polk County, Florida",3,False,True
12107,"Putnam County, Florida",3,False,True
12109,"St. Johns County, Florida",3,False,True
12111,"St. Lucie County, Florida",3,False,True
12113,"Santa Rosa County, Florida",3,False,True
12115,"Sarasota County, Florida",3,False,True
12117,"Seminole County, Florida",3,False,True
12119,"Sumter County, Florida",3,False,True
12121,"Suwannee County, Florida",3,False,True
12123,"Taylor County, Florida",3,False,True
12125,"Union County, Florida",3,False,True
12127,"Volusia County, Florida",3,False,True
12129,"Wakulla County, Florida",3,False,True
12131,"Walton County, Florida",3,False,True
12133,"Washington County, Florida",3,False,True
13001,"Appling County, Georgia",3,False,True
13003,"Atkinson County, Georgia",3,False,True
13005,"Bacon County, Georgia",3,False,True
13007,"Baker County, Georgia",3,False,True
13009,"Baldwin County, Georgia",3,False,True
13011,"Banks County, Georgia",3,False,True
13013,"Barrow County, Georgia",3,False,True
13015,"Bartow County, Georgia",3,False,True
13017,"Ben Hill County, Georgia",3,False,True
13019,"Berrien County, Georgia",3,False,True
13021,"Bibb County, Georgia",3,False,True
13023,"Bleckley County, Georgia",3,False,True
13025,"Brantley County, Georgia",3,False,True
13027,"Brooks County, Georgia",3,False,True
13029,"Bryan County, Georgia",3,False,True
13031,"Bulloch County, Georgia",3,False,True
13033,"Burke County, Georgia",3,False,True
13035,"Butts County, Georgia",3,False,True
13037,"Calhoun County, Georgia",3,False,True
13039,"Camden County, Georgia",3,False,True
13043,"Candler County, Georgia",3,False,True
13045,"Carroll County, Georgia",3,False,True
13047,"Catoosa County, Georgia",3,False,True
13049,"Charlton County, Georgia",3,False,True
13051,"Chatham County, Georgia",3,False,True
13053,"Chattahoochee County, Georgia",3,False,True
13055,"Chattooga County, Georgia",3,False,True
13057,"Cherokee County, Georgia",3,False,True
13059,"Clarke County, Georgia",3,False,True
13061,"Clay County, Georgia",3,False,True
13063,"Clayton County, Georgia",3,False,True
13065,"Clinch County, Georgia",3,False,True
13067,"Cobb County, Georgia",3,False,True
13069,"Coffee County, Georgia",3,False,True
13071,"Colquitt County, Georgia",3,False,True
13073,"Columbia County, Georgia",3,False,True
13075,"Cook County, Georgia",3,False,True
13077,"Coweta County, Georgia",3,False,True
13079,"Crawford County, Georgia",3,False,True
13081,"Crisp County, Georgia",3,False,True
13083,"Dade County, Georgia",3,False,True
13085,"Dawson County, Georgia",3,False,True
13087,"Decatur County, Georgia",3,False,True
13089,"DeKalb County, Georgia",3,False,True
13091,"Dodge County, Georgia",3,False,True
13093,"Dooly County, Georgia",3,False,True
13095,"Dougherty County, Georgia",3,False,True
13097,"Douglas County, Georgia",3,False,True
13099,"Early County, Georgia",3,False,True
13101,"Echols County, Georgia",3,False,True
13103,"Effingham County, Georgia",3,False,True
13105,"Elbert County, Georgia",3,False,True
13107,"Emanuel County, Georgia",3,False,True
13109,"Evans County, Georgia",3,False,True
13111,"Fannin County, Georgia",3,False,True
13113,"Fayette County, Georgia",3,False,True
13115,"Floyd County, Georgia",3,False,True
13117,"Forsyth County, Georgia",3,False,True
13119,"Franklin County, Georgia",3,False,True
13121,"Fulton County, Georgia",3,False,True
13123,"Gilmer County, Georgia",3,False,True
13125,"Glascock County, Georgia",3,False,True
13127,"Glynn County, Georgia",3,False,True
13129,"Gordon County, Georgia",3,False,True
13131,"Grady County, Georgia",3,False,True
13133,"Greene County, Georgia",3,False,True
13135,"Gwinnett County, Georgia",3,False,True
13137,"Habersham County, Georgia",3,False,True
13139,"Hall County, Georgia",3,False,True
13141,"Hancock County, Georgia",3,False,True
13143,"Haralson County, Georgia",3,False,True
13145,"Harris County, Georgia",3,False,True
13147,"Hart County, Georgia",3,False,True
13149,"Heard County, Georgia",3,False,True
13151,"Henry County, Georgia",3,False,True
13153,"Houston County, Georgia",3,False,True
13155,"Irwin County, Georgia",3,False,True
13157,"Jackson County, Georgia",3,False,True
13159,"Jasper County, Georgia",3,False,True
13161,"Jeff Davis County, Georgia",3,False,True
13163,"Jefferson County, Georgia",3,False,True
13165,"Jenkins County, Georgia",3,False,True
13167,"Johnson County, Georgia",3,False,True
13169,"Jones County, Georgia",3,False,True
13171,"Lamar County, Georgia",3,False,True
13173,"Lanier County, Georgia",3,False,True
13175,"Laurens County, Georgia",3,False,True
13177,"Lee County, Georgia",3,False,True
13179,"Liberty County, Georgia",3,False,True
13181,"Lincoln County, Georgia",3,False,True
13183,"Long County, Georgia",3,False,True
13185,"Lowndes County, Georgia",3,False,True
13187,"Lumpkin County, Georgia",3,False,True
13189,"McDuffie County, Georgia",3,False,True
13191,"McIntosh County, Georgia",3,False,True
13193,"Macon County, Georgia",3,False,True
13195,"Madison County, Georgia",3,False,True
13197,"Marion County, Georgia",3,False,True
13199,"Meriwether County, Georgia",3,False,True
13201,"Miller County, Georgia",3,False,True
13205,"Mitchell County, Georgia",3,False,True
13207,"Monroe County, Georgia",3,False,True
13209,"Montgomery County, Georgia",3,False,True
13211,"Morgan County, Georgia",3,False,True
13213,"Murray County, Georgia",3,False,True
13215,"Muscogee County, Georgia",3,False,True
13217,"Newton County, Georgia",3,False,True
13219,"Oconee County, Georgia",3,False,True
13221,"Oglethorpe County, Georgia",3,False,True
13223,"Paulding County, Georgia",3,False,True
13225,"Peach County, Georgia",3,False,True
13227,"Pickens County, Georgia",3,False,True
13229,"Pierce County, Georgia",3,False,True
13231,"Pike County, Georgia",3,False,True
13233,"Polk County, Georgia",3,False,True
13235,"Pulaski County, Georgia",3,False,True
13237,"Putnam County, Georgia",3,False,True
13239,"Quitman County, Georgia",3,False,True
13241,"Rabun County, Georgia",3,False,True
13243,"Randolph County, Georgia",3,False,True
13245,"Richmond County, Georgia",3,False,True
13247,"Rockdale County, Georgia",3,False,True
13249,"Schley County, Georgia",3,False,True
13251,"Screven County, Georgia",3,False,True
13253,"Seminole County, Georgia",3,False,True
13255,"Spalding County, Georgia",3,False,True
13257,"Stephens County, Georgia",3,False,True
13259,"Stewart County, Georgia",3,False,True
13261,"Sumter County, Georgia",3,False,True
13263,"Talbot County, Georgia",3,False,True
13265,"Taliaferro County, Georgia",3,False,True
13267,"Tattnall County, Georgia",3,False,True
13269,"Taylor County, Georgia",3,False,True
13271,"Telfair County, Georgia",3,False,True
13273,"Terrell County, Georgia",3,False,True
13275,"Thomas County, Georgia",3,False,True
13277,"Tift County, Georgia",3,False,True
13279,"Toombs County, Georgia",3,False,True
13281,"Towns County, Georgia",3,False,True
13283,"Treutlen County, Georgia",3,False,True
13285,"Troup County, Georgia",3,False,True
13287,"Turner County, Georgia",3,False,True
13289,"Twiggs County, Georgia",3,False,True
13291,"Union County, Georgia",3,False,True
13293,"Upson County, Georgia",3,False,True
13295,"Walker County, Georgia",3,False,True
13297,"Walton County, Georgia",3,False,True
13299,"Ware County, Georgia",3,False,True
13301,"Warren County, Georgia",3,False,True
13303,"Washington County, Georgia",3,False,True
13305,"Wayne County, Georgia",3,False,True
13307,"Webster County, Georgia",3,False,True
13309,"Wheeler County, Georgia",3,False,True
13311,"White County, Georgia",3,False,True
13313,"Whitfield County, Georgia",3,False,True
13315,"Wilcox County, Georgia",3,False,True
13317,"Wilkes County, Georgia",3,False,True
13319,"Wilkinson County, Georgia",3,False,True
13321,"Worth County, Georgia",3,False,True
15001,"Hawaii County, Hawaii",3,False,True
15003,"Honolulu County, Hawaii",3,False,True
15007,"Kauai County, Hawaii",3,False,True
15009,"Maui County, Hawaii",3,False,True
16001,"Ada County, Idaho",3,False,True
16003,"Adams County, Idaho",3,False,True
16005,"Bannock County, Idaho",3,False,True
16007,"Bear Lake County, Idaho",3,False,True
16009,"Benewah County, Idaho",3,False,True
16011,"Bingham County, Idaho",3,False,True
16013,"Blaine County, Idaho",3,False,True
16015,"Boise County, Idaho",3,False,True
16017,"Bonner County, Idaho",3,False,True
16019,"Bonneville County, Idaho",3,False,True
16021,"Boundary County, Idaho",3,False,True
16023,"Butte County, Idaho",3,False,True
16025,"Camas County, Idaho",3,False,True
16027,"Canyon County, Idaho",3,False,True
16029,"Caribou County, Idaho",3,False,True
16031,"Cassia County, Idaho",3,False,True
16033,"Clark County, Idaho",3,False,True
16035,"Clearwater County, Idaho",3,False,True
16037,"Custer County, Idaho",3,False,True
16039,"Elmore County, Idaho",3,False,True
16041,"Franklin County, Idaho",3,False,True
16043,"Fremont County, Idaho",3,False,True
16045,"Gem County, Idaho",3,False,True
16047,"Gooding County, Idaho",3,False,True
16049,"Idaho County, Idaho",3,False,True
16051,"Jefferson County, Idaho",3,False,True
16053,"Jerome County, Idaho",3,False,True
16055,"Kootenai County, Idaho",3,False,True
16057,"Latah County, Idaho",3,False,True
16059,"Lemhi County, Idaho",3,False,True
16061,"Lewis County, Idaho",3,False,True
16063,"Lincoln County, Idaho",3,False,True
16065,"Madison County, Idaho",3,False,True
16067,"Minidoka County, Idaho",3,False,True
16069,"Nez Perce County, Idaho",3,False,True
16071,"Oneida County, Idaho",3,False,True
16073,"Owyhee County, Idaho",3,False,True
16075,"Payette County, Idaho",3,False,True
16077,"Power County, Idaho",3,False,True
16079,"Shoshone County, Idaho",3,False,True
16081,"Teton County, Idaho",3,False,True
16083,"Twin Falls County, Idaho",3,False,True
16085,"Valley County, Idaho",3,False,True
16087,"Washington County, Idaho",3,False,True
17001,"Adams County, Illinois",3,False,True
17003,"Alexander County, Illinois",3,False,True
17005,"Bond County, Illinois",3,False,True
17007,"Boone County, Illinois",3,False,True
17009,"Brown County, Illinois",3,False,True
17011,"Bureau County, Illinois",3,False,True
17013,"Calhoun County, Illinois",3,False,True
17015,"Carroll County, Illinois",3,False,True
17017,"Cass County, Illinois",3,False,True
17019,"Champaign County, Illinois",3,False,True
17021,"Christian County, Illinois",3,False,True
17023,"Clark County, Illinois",3,False,True
17025,"Clay County, Illinois",3,False,True
17027,"Clinton County, Illinois",3,False,True
17029,"Coles County, Illinois",3,False,True
17031,"Cook County, Illinois",3,False,True
17033,"Crawford County, Illinois",3,False,True
17035,"Cumberland County, Illinois",3,False,True
17037,"DeKalb County, Illinois",3,False,True
17039,"De Witt County, Illinois",3,False,True
17041,"Douglas County, Illinois",3,False,True
17043,"DuPage County, Illinois",3,False,True
17045,"Edgar County, Illinois",3,False,True
17047,"Edwards County, Illinois",3,False,True
17049,"Effingham County, Illinois",3,False,True
17051,"Fayette County, Illinois",3,False,True
17053,"Ford County, Illinois",3,False,True
17055,"Franklin County, Illinois",3,False,True
17057,"Fulton County, Illinois",3,False,True
17059,"Gallatin County, Illinois",3,False,True
17061,"Greene County, Illinois",3,False,True
17063,"Grundy County, Illinois",3,False,True
17065,"Hamilton County, Illinois",3,False,True
17067,"Hancock County, Illinois",3,False,True
17069,"Hardin County, Illinois",3,False,True
17071,"Henderson County, Illinois",3,False,True
17073,"Henry County, Illinois",3,False,True
17075,"Iroquois County, Illinois",3,False,True
17077,"Jackson County, Illinois",3,False,True
17079,"Jasper County, Illinois",3,False,True
17081,"Jefferson County, Illinois",3,False,True
17083,"Jersey County, Illinois",3,False,True
17085,"Jo Daviess County, Illinois",3,False,True
17087,"Johnson County, Illinois",3,False,True
17089,"Kane County, Illinois",3,False,True
17091,"Kankakee County, Illinois",3,False,True
17093,"Kendall County, Illinois",3,False,True
17095,"Knox County, Illinois",3,False,True
17097,"Lake County, Illinois",3,False,True
17099,"LaSalle County, Illinois",3,False,True
17101,"Lawrence County, Illinois",3,False,True
17103,"Lee County, Illinois",3,False,True
17105,"Livingston County, Illinois",3,False,True
17107,"Logan County, Illinois",3,False,True
17109,"McDonough County, Illinois",3,False,True
17111,"McHenry County, Illinois",3,False,True
17113,"McLean County, Illinois",3,False,True
17115,"Macon County, Illinois",3,False,True
17117,"Macoupin County, Illinois",3,False,True
17119,"Madison County, Illinois",3,False,True
17121,"Marion County, Illinois",3,False,True
17123,"Marshall County, Illinois",3,False,True
17125,"Mason County, Illinois",3,False,True
17127,"Massac County, Illinois",3,False,True
17129,"Menard County, Illinois",3,False,True
17131,"Mercer County, Illinois",3,False,True
17133,"Monroe County, Illinois",3,False,True
17135,"Montgomery County, Illinois",3,False,True
17137,"Morgan County, Illinois",3,False,True
17139,"Moultrie County, Illinois",3,False,True
17141,"Ogle County, Illinois",3,False,True
17143,"Peoria County, Illinois",3,False,True
17145,"Perry County, Illinois",3,False,True
17147,"Piatt County, Illinois",3,False,True
17149,"Pike County, Illinois",3,False,True
17151,"Pope County, Illinois",3,False,True
17153,"Pulaski County, Illinois",3,False,True
17155,"Putnam County, Illinois",3,False,True
17157,"Randolph County, Illinois",3,False,True
17159,"Richland County, Illinois",3,False,True
17161,"Rock Island County, Illinois",3,False,True
17163,"St. Clair County, Illinois",3,False,True
17165,"Saline County, Illinois",3,False,True
17167,"Sangamon County, Illinois",3,False,True
17169,"Schuyler County, Illinois",3,False,True
17171,"Scott County, Illinois",3,False,True
17173,"Shelby County, Illinois",3,False,True
17175,"Stark County, Illinois",3,False,True
17177,"Stephenson County, Illinois",3,False,True
17179,"Tazewell County, Illinois",3,False,True
17181,"Union County, Illinois",3,False,True
17183,"Vermilion County, Illinois",3,False,True
17185,"Wabash County, Illinois",3,False,True
17187,"Warren County, Illinois",3,False,True
17189,"Washington County, Illinois",3,False,True
17191,"Wayne County, Illinois",3,False,True
17193,"White County, Illinois",3,False,True
17195,"Whiteside County, Illinois",3,False,True
17197,"Will County, Illinois",3,False,True
17199,"Williamson County, Illinois",3,False,True
17201,"Winnebago County, Illinois",3,False,True
17203,"Woodford County, Illinois",3,False,True
18001,"Adams County, Indiana",3,False,True
18003,"Allen County, Indiana",3,False,True
18005,"Bartholomew County, Indiana",3,False,True
18007,"Benton County, Indiana",3,False,True
18009,"Blackford County, Indiana",3,False,True
18011,"Boone County, Indiana",3,False,True
18013,"Brown County, Indiana",3,False,True
18015,"Carroll County, Indiana",3,False,True
18017,"Cass County, Indiana",3,False,True
18019,"Clark County, Indiana",3,False,True
18021,"Clay County, Indiana",3,False,True
18023,"Clinton County, Indiana",3,False,True
18025,"Crawford County, Indiana",3,False,True
18027,"Daviess County, Indiana",3,False,True
18029,"Dearborn County, Indiana",3,False,True
18031,"Decatur County, Indiana",3,False,True
18033,"DeKalb County, Indiana",3,False,True
18035,"Delaware County, Indiana",3,False,True
18037,"Dubois County, Indiana",3,False,True
18039,"Elkhart County, Indiana",3,False,True
18041,"Fayette County, Indiana",3,False,True
18043,"Floyd County, Indiana",3,False,True
18045,"Fountain County, Indiana",3,False,True
18047,"Franklin County, Indiana",3,False,True
18049,"Fulton County, Indiana",3,False,True
18051,"Gibson County, Indiana",3,False,True
18053,"Grant County, Indiana",3,False,True
18055,"Greene County, Indiana",3,False,True
18057,"Hamilton County, Indiana",3,False,True
18059,"Hancock County, Indiana",3,False,True
18061,"Harrison County, Indiana",3,False,True
18063,"Hendricks County, Indiana",3,False,True
18065,"Henry County, Indiana",3,False,True
18067,"Howard County, Indiana",3,False,True
18069,"Huntington County, Indiana",3,False,True
18071,"Jackson County, Indiana",3,False,True
18073,"Jasper County, Indiana",3,False,True
18075,"Jay County, Indiana",3,False,True
18077,"Jefferson County, Indiana",3,False,True
18079,"Jennings County, Indiana",3,False,True
18081,"Johnson County, Indiana",3,False,True
18083,"Knox County, Indiana",3,False,True
18085,"Kosciusko County, Indiana",3,False,True
18087,"LaGrange County, Indiana",3,False,True
18089,"Lake County, Indiana",3,False,True
18091,"LaPorte County, Indiana",3,False,True
18093,"Lawrence County, Indiana",3,False,True
18095,"Madison County, Indiana",3,False,True
18097,"Marion County, Indiana",3,False,True
18099,"Marshall County, Indiana",3,False,True
18101,"Martin County, Indiana",3,False,True
18103,"Miami County, Indiana",3,False,True
18105,"Monroe County, Indiana",3,False,True
18107,"Montgomery County, Indiana",3,False,True
18109,"Morgan County, Indiana",3,False,True
18111,"Newton County, Indiana",3,False,True
18113,"Noble County, Indiana",3,False,True
18115,"Ohio County, Indiana",3,False,True
18117,"Orange County, Indiana",3,False,True
18119,"Owen County, Indiana",3,False,True
18121,"Parke County, Indiana",3,False,True
18123,"Perry County, Indiana",3,False,True
18125,"Pike County, Indiana",3,False,True
18127,"Porter County, Indiana",3,False,True
18129,"Posey County, Indiana",3,False,True
18131,"Pulaski County, Indiana",3,False,True
18133,"Putnam County, Indiana",3,False,True
18135,"Randolph County, Indiana",3,False,True
18137,"Ripley County, Indiana",3,False,True
18139,"Rush County, Indiana",3,False,True
18141,"St. Joseph County, Indiana",3,False,True
18143,"Scott County, Indiana",3,False,True
18145,"Shelby County, Indiana",3,False,True
18147,"Spencer County, Indiana",3,False,True
18149,"Starke County, Indiana",3,False,True
18151,"Steuben County, Indiana",3,False,True
18153,"Sullivan County, Indiana",3,False,True
18155,"Switzerland County, Indiana",3,False,True
18157,"Tippecanoe County, Indiana",3,False,True
18159,"Tipton County, Indiana",3,False,True
18161,"Union County, Indiana",3,False,True
18163,"Vanderburgh County, Indiana",3,False,True
18165,"Vermillion County, Indiana",3,False,True
18167,"Vigo County, Indiana",3,False,True
18169,"Wabash County, Indiana",3,False,True
18171,"Warren County, Indiana",3,False,True
18173,"Warrick County, Indiana",3,False,True
18175,"Washington County, Indiana",3,False,True
18177,"Wayne County, Indiana",3,False,True
18179,"Wells County, Indiana",3,False,True
18181,"White County, Indiana",3,False,True
18183,"Whitley County, Indiana",3,False,True
19001,"Adair County, Iowa",3,False,True
19003,"Adams County, Iowa",3,False,True
19005,"Allamakee County, Iowa",3,False,True
19007,"Appanoose County, Iowa",3,False,True
19009,"Audubon County, Iowa",3,False,True
19011,"Benton County, Iowa",3,False,True
19013,"Black Hawk County, Iowa",3,False,True
19015,"Boone County, Iowa",3,False,True
19017,"Bremer County, Iowa",3,False,True
19019,"Buchanan County, Iowa",3,False,True
19021,"Buena Vista County, Iowa",3,False,True
19023,"Butler County, Iowa",3,False,True
19025,"Calhoun County, Iowa",3,False,True
19027,"Carroll County, Iowa",3,False,True
19029,"Cass County, Iowa",3,False,True
19031,"Cedar County, Iowa",3,False,True
19033,"Cerro Gordo County, Iowa",3,False,True
19035,"Cherokee County, Iowa",3,False,True
19037,"Chickasaw County, Iowa",3,False,True
19039,"Clarke County, Iowa",3,False,True
19041,"Clay County, Iowa",3,False,True
19043,"Clayton County, Iowa",3,False,True
19045,"Clinton County, Iowa",3,False,True
19047,"Crawford County, Iowa",3,False,True
19049,"Dallas County, Iowa",3,False,True
19051,"Davis County, Iowa",3,False,True
19053,"Decatur County, Iowa",3,False,True
19055,"Delaware County, Iowa",3,False,True
19057,"Des Moines County, Iowa",3,False,True
19059,"Dickinson County, Iowa",3,False,True
19061,"Dubuque County, Iowa",3,False,True
19063,"Emmet County, Iowa",3,False,True
19065,"Fayette County, Iowa",3,False,True
19067,"Floyd County, Iowa",3,False,True
19069,"Franklin County, Iowa",3,False,True
19071,"Fremont County, Iowa",3,False,True
19073,"Greene County, Iowa",3,False,True
19075,"Grundy County, Iowa",3,False,True
19077,"Guthrie County, Iowa",3,False,True
19079,"Hamilton County, Iowa",3,False,True
19081,"Hancock County, Iowa",3,False,True
19083,"Hardin County, Iowa",3,False,True
19085,"Harrison County, Iowa",3,False,True
19087,"Henry County, Iowa",3,False,True
19089,"Howard County, Iowa",3,False,True
19091,"Humboldt County, Iowa",3,False,True
19093,"Ida County, Iowa",3,False,True
19095,"Iowa County, Iowa",3,False,True
19097,"Jackson County, Iowa",3,False,True
19099,"Jasper County, Iowa",3,False,True
19101,"Jefferson County, Iowa",3,False,True
19103,"Johnson County, Iowa",3,False,True
19105,"Jones County, Iowa",3,False,True
19107,"Keokuk County, Iowa",3,False,True
19109,"Kossuth County, Iowa",3,False,True
19111,"Lee County, Iowa",3,False,True
19113,"Linn County, Iowa",3,False,True
19115,"Louisa County, Iowa",3,False,True
19117,"Lucas County, Iowa",3,False,True
19119,"Lyon County, Iowa",3,False,True
19121,"Madison County, Iowa",3,False,True
19123,"Mahaska County, Iowa",3,False,True
19125,"Marion County, Iowa",3,False,True
19127,"Marshall County, Iowa",3,False,True
19129,"Mills County, Iowa",3,False,True
19131,"Mitchell County, Iowa",3,False,True
19133,"Monona County, Iowa",3,False,True
19135,"Monroe County, Iowa",3,False,True
19137,"Montgomery County, Iowa",3,False,True
19139,"Muscatine County, Iowa",3,False,True
19141,"O'Brien County, Iowa",3,False,True
19143,"Osceola County, Iowa",3,False,True
19145,"Page County, Iowa",3,False,True
19147,"Palo Alto County, Iowa",3,False,True
19149,"Plymouth County, Iowa",3,False,True
19151,"Pocahontas County, Iowa",3,False,True
19153,"Polk County, Iowa",3,False,True
19155,"Pottawattamie County, Iowa",3,False,True
19157,"Poweshiek County, Iowa",3,False,True
19159,"Ringgold County, Iowa",3,False,True
19161,"Sac County, Iowa",3,False,True
19163,"Scott County, Iowa",3,False,True
19165,"Shelby County, Iowa",3,False,True
19167,"Sioux County, Iowa",3,False,True
19169,"Story County, Iowa",3,False,True
19171,"Tama County, Iowa",3,False,True
19173,"Taylor County, Iowa",3,False,True
19175,"Union County, Iowa",3,False,True
19177,"Van Buren County, Iowa",3,False,True
19179,"Wapello County, Iowa",3,False,True
19181,"Warren County, Iowa",3,False,True
19183,"Washington County, Iowa",3,False,True
19185,"Wayne County, Iowa",3,False,True
19187,"Webster County, Iowa",3,False,True
19189,"Winnebago County, Iowa",3,False,True
19191,"Winneshiek County, Iowa",3,False,True
19193,"Woodbury County, Iowa",3,False,True
19195,"Worth County, Iowa",3,False,True
19197,"Wright County, Iowa",3,False,True
20001,"Allen County, Kansas",3,False,True
20003,"Anderson County, Kansas",3,False,True
20005,"Atchison County, Kansas",3,False,True
20007,"Barber County, Kansas",3,False,True
20009,"Barton County, Kansas",3,False,True
20011,"Bourbon County, Kansas",3,False,True
20013,"Brown County, Kansas",3,False,True
20015,"Butler County, Kansas",3,False,True
20017,"Chase County, Kansas",3,False,True
20019,"Chautauqua County, Kansas",3,False,True
20021,"Cherokee County, Kansas",3,False,True
20023,"Cheyenne County, Kansas",3,False,True
20025,"Clark County, Kansas",3,False,True
20027,"Clay County, Kansas",3,False,True
20029,"Cloud County, Kansas",3,False,True
20031,"Coffey County, Kansas",3,False,True
20033,"Comanche County, Kansas",3,False,True
20035,"Cowley County, Kansas",3,False,True
20037,"Crawford County, Kansas",3,False,True
20039,"Decatur County, Kansas",3,False,True
20041,"Dickinson County, Kansas",3,False,True
20043,"Doniphan County, Kansas",3,False,True
20045,"Douglas County, Kansas",3,False,True
20047,"Edwards County, Kansas",3,False,True
20049,"Elk County, Kansas",3,False,True
20051,"Ellis County, Kansas",3,False,True
20053,"Ellsworth County, Kansas",3,False,True
20055,"Finney County, Kansas",3,False,True
20057,"Ford County, Kansas",3,False,True
20059,"Franklin County, Kansas",3,False,True
20061,"Geary County, Kansas",3,False,True
20063,"Gove County, Kansas",3,False,True
20065,"Graham County, Kansas",3,False,True
20067,"Grant County, Kansas",3,False,True
20069,"Gray County, Kansas",3,False,True
20071,"Greeley County, Kansas",3,False,True
20073,"Greenwood County, Kansas",3,False,True
20075,"Hamilton County, Kansas",3,False,True
20077,"Harper County, Kansas",3,False,True
20079,"Harvey County, Kansas",3,False,True
20081,"Haskell County, Kansas",3,False,True
20083,"Hodgeman County, Kansas",3,False,True
20085,"Jackson County, Kansas",3,False,True
20087,"Jefferson County, Kansas",3,False,True
20089,"Jewell County, Kansas",3,False,True
20091,"Johnson County, Kansas",3,False,True
20093,"Kearny County, Kansas",3,False,True
20095,"Kingman County, Kansas",3,False,True
20097,"Kiowa County, Kansas",3,False,True
20099,"Labette County, Kansas",3,False,True
20101,"Lane County, Kansas",3,False,True
20103,"Leavenworth County, Kansas",3,False,True
20105,"Lincoln County, Kansas",3,False,True
20107,"Linn County, Kansas",3,False,True
20109,"Logan County, Kansas",3,False,True
20111,"Lyon County, Kansas",3,False,True
20113,"McPherson County, Kansas",3,False,True
20115,"Marion County, Kansas",3,False,True
20117,"Marshall County, Kansas",3,False,True
20119,"Meade County, Kansas",3,False,True
20121,"Miami County, Kansas",3,False,True
20123,"Mitchell County, Kansas",3,False,True
20125,"Montgomery County, Kansas",3,False,True
20127,"Morris County, Kansas",3,False,True
20129,"Morton County, Kansas",3,False,True
20131,"Nemaha County, Kansas",3,False,True
20133,"Neosho County, Kansas",3,False,True
20135,"Ness County, Kansas",3,False,True
20137,"Norton County, Kansas",3,False,True
20139,"Osage County, Kansas",3,False,True
20141,"Osborne County, Kansas",3,False,True
20143,"Ottawa County, Kansas",3,False,True
20145,"Pawnee County, Kansas",3,False,True
20147,"Phillips County, Kansas",3,False,True
20149,"Pottawatomie County, Kansas",3,False,True
20151,"Pratt County, Kansas",3,False,True
20153,"Rawlins County, Kansas",3,False,True
20155,"Reno County, Kansas",3,False,True
20157,"Republic County, Kansas",3,False,True
20159,"Rice County, Kansas",3,False,True
20161,"Riley County, Kansas",3,False,True
20163,"Rooks County, Kansas",3,False,True
20165,"Rush County, Kansas",3,False,True
20167,"Russell County, Kansas",3,False,True
20169,"Saline County, Kansas",3,False,True
20171,"Scott County, Kansas",3,False,True
20173,"Sedgwick County, Kansas",3,False,True
20175,"Seward County, Kansas",3,False,True
20177,"Shawnee County, Kansas",3,False,True
20179,"Sheridan County, Kansas",3,False,True
20181,"Sherman County, Kansas",3,False,True
20183,"Smith County, Kansas",3,False,True
20185,"Stafford County, Kansas",3,False,True
20187,"Stanton County, Kansas",3,False,True
20189,"Stevens County, Kansas",3,False,True
20191,"Sumner County, Kansas",3,False,True
20193,"Thomas County, Kansas",3,False,True
20195,"Trego County, Kansas",3,False,True
20197,"Wabaunsee County, Kansas",3,False,True
20199,"Wallace County, Kansas",3,False,True
20201,"Washington County, Kansas",3,False,True
20203,"Wichita County, Kansas",3,False,True
20205,"Wilson County, Kansas",3,False,True
20207,"Woodson County, Kansas",3,False,True
20209,"Wyandotte County, Kansas",3,False,True
21001,"Adair County, Kentucky",3,False,True
21003,"Allen County, Kentucky",3,False,True
21005,"Anderson County, Kentucky",3,False,True
21007,"Ballard County, Kentucky",3,False,True
21009,"Barren County, Kentucky",3,False,True
21011,"Bath County, Kentucky",3,False,True
21013,"Bell County, Kentucky",3,False,True
21015,"Boone County, Kentucky",3,False,True
21017,"Bourbon County, Kentucky",3,False,True
21019,"Boyd County, Kentucky",3,False,True
21021,"Boyle County, Kentucky",3,False,True
21023,"Bracken County, Kentucky",3,False,True
21025,"Breathitt County, Kentucky",3,False,True
21027,"Breckinridge County, Kentucky",3,False,True
21029,"Bullitt County, Kentucky",3,False,True
21031,"Butler County, Kentucky",3,False,True
21033,"Caldwell County, Kentucky",3,False,True
21035,"Calloway County, Kentucky",3,False,True
21037,"Campbell County, Kentucky",3,False,True
21039,"Carlisle County, Kentucky",3,False,True
21041,"Carroll County, Kentucky",3,False,True
21043,"Carter County, Kentucky",3,False,True
21045,"Casey County, Kentucky",3,False,True
21047,"Christian County, Kentucky",3,False,True
21049,"Clark County, Kentucky",3,False,True
21051,"Clay County, Kentucky",3,False,True
21053,"Clinton County, Kentucky",3,False,True
21055,"Crittenden County, Kentucky",3,False,True
21057,"Cumberland County, Kentucky",3,False,True
21059,"Daviess County, Kentucky",3,False,True
21061,"Edmonson County, Kentucky",3,False,True
21063,"Elliott County, Kentucky",3,False,True
21065,"Estill County, Kentucky",3,False,True
21067,"Fayette County, Kentucky",3,False,True
21069,"Fleming County, Kentucky",3,False,True
21071,"Floyd County, Kentucky",3,False,True
21073,"Franklin County, Kentucky",3,False,True
21075,"Fulton County, Kentucky",3,False,True
21077,"Gallatin County, Kentucky",3,False,True
21079,"Garrard County, Kentucky",3,False,True
21081,"Grant County, Kentucky",3,False,True
21083,"Graves County, Kentucky",3,False,True
21085,"Grayson County, Kentucky",3,False,True
21087,"Green County, Kentucky",3,False,True
21089,"Greenup County, Kentucky",3,False,True
21091,"Hancock County, Kentucky",3,False,True
21093,"Hardin County, Kentucky",3,False,True
21095,"Harlan County, Kentucky",3,False,True
21097,"Harrison County, Kentucky",3,False,True
21099,"Hart County, Kentucky",3,False,True
21101,"Henderson County, Kentucky",3,False,True
21103,"Henry County, Kentucky",3,False,True
21105,"Hickman County, Kentucky",3,False,True
21107,"Hopkins County, Kentucky",3,False,True
21109,"Jackson County, Kentucky",3,False,True
21111,"Jefferson County, Kentucky",3,False,True
21113,"Jessamine County, Kentucky",3,False,True
21115,"Johnson County, Kentucky",3,False,True
21117,"Kenton County, Kentucky",3,False,True
21119,"Knott County, Kentucky",3,False,True
21121,"Knox County, Kentucky",3,False,True
21123,"Larue County, Kentucky",3,False,True
21125,"Laurel County, Kentucky",3,False,True
21127,"Lawrence County, Kentucky",3,False,True
21129,"Lee County, Kentucky",3,False,True
21131,"Leslie County, Kentucky",3,False,True
21133,"Letcher County, Kentucky",3,False,True
21135,"Lewis County, Kentucky",3,False,True
21137,"Lincoln County, Kentucky",3,False,True
21139,"Livingston County, Kentucky",3,False,True
21141,"Logan County, Kentucky",3,False,True
21143,"Lyon County, Kentucky",3,False,True
21145,"McCracken County, Kentucky",3,False,True
21147,"McCreary County, Kentucky",3,False,True
21149,"McLean County, Kentucky",3,False,True
21151,"Madison County, Kentucky",3,False,True
21153,"Magoffin County, Kentucky",3,False,True
21155,"Marion County, Kentucky",3,False,True
21157,"Marshall County, Kentucky",3,False,True
21159,"Martin County, Kentucky",3,False,True
21161,"Mason County, Kentucky",3,False,True
21163,"Meade County, Kentucky",3,False,True
21165,"Menifee County, Kentucky",3,False,True
21167,"Mercer County, Kentucky",3,False,True
21169,"Metcalfe County, Kentucky",3,False,True
21171,"Monroe County, Kentucky",3,False,True
21173,"Montgomery County, Kentucky",3,False,True
21175,"Morgan County, Kentucky",3,False,True
21177,"Muhlenberg County, Kentucky",3,False,True
21179,"Nelson County, Kentucky",3,False,True
21181,"Nicholas County, Kentucky",3,False,True
21183,"Ohio County, Kentucky",3,False,True
21185,"Oldham County, Kentucky",3,False,True
21187,"Owen County, Kentucky",3,False,True
21189,"Owsley County, Kentucky",3,False,True
21191,"Pendleton County, Kentucky",3,False,True
21193,"Perry County, Kentucky",3,False,True
21195,"Pike County, Kentucky",3,False,True
21197,"Powell County, Kentucky",3,False,True
21199,"Pulaski County, Kentucky",3,False,True
21201,"Robertson County, Kentucky",3,False,True
21203,"Rockcastle County, Kentucky",3,False,True
21205,"Rowan County, Kentucky",3,False,True
21207,"Russell County, Kentucky",3,False,True
21209,"Scott County, Kentucky",3,False,True
21211,"Shelby County, Kentucky",3,False,True
21213,"Simpson County, Kentucky",3,False,True
21215,"Spencer County, Kentucky",3,False,True
21217,"Taylor County, Kentucky",3,False,True
21219,"Todd County, Kentucky",3,False,True
21221,"Trigg County, Kentucky",3,False,True
21223,"Trimble County, Kentucky",3,False,True
21225,"Union County, Kentucky",3,False,True
21227,"Warren County, Kentucky",3,False,True
21229,"Washington County, Kentucky",3,False,True
21231,"Wayne County, Kentucky",3,False,True
21233,"Webster County, Kentucky",3,False,True
21235,"Whitley County, Kentucky",3,False,True
21237,"Wolfe County, Kentucky",3,False,True
21239,"Woodford County, Kentucky",3,False,True
22001,"Acadia Parish, Louisiana",3,False,True
22003,"Allen Parish, Louisiana",3,False,True
22005,"Ascension Parish, Louisiana",3,False,True
22007,"Assumption Parish, Louisiana",3,False,True
22009,"Avoyelles Parish, Louisiana",3,False,True
22011,"Beauregard Parish, Louisiana",3,False,True
22013,"Bienville Parish, Louisiana",3,False,True
22015,"Bossier Parish, Louisiana",3,False,True
22017,"Caddo Parish, Louisiana",3,False,True
22019,"Calcasieu Parish, Louisiana",3,False,True
22021,"Caldwell Parish, Louisiana",3,False,True
22023,"Cameron Parish, Louisiana",3,False,True
22025,"Catahoula Parish, Louisiana",3,False,True
22027,"Claiborne Parish, Louisiana",3,False,True
22029,"Concordia Parish, Louisiana",3,False,True
22031,"De Soto Parish, Louisiana",3,False,True
22033,"East Baton Rouge Parish, Louisiana",3,False,True
22035,"East Carroll Parish, Louisiana",3,False,True
22037,"East Feliciana Parish, Louisiana",3,False,True
22039,"Evangeline Parish, Louisiana",3,False,True
22041,"Franklin Parish, Louisiana",3,False,True
22043,"Grant Parish, Louisiana",3,False,True
22045,"Iberia Parish, Louisiana",3,False,True
22047,"Iberville Parish, Louisiana",3,False,True
22049,"Jackson Parish, Louisiana",3,False,True
22051,"Jefferson Parish, Louisiana",3,False,True
22053,"Jefferson Davis Parish, Louisiana",3,False,True
22055,"Lafayette Parish, Louisiana",3,False,True
22057,"Lafourche Parish, Louisiana",3,False,True
22059,"LaSalle Parish, Louisiana",3,False,True
22061,"Lincoln Parish, Louisiana",3,False,True
22063,"Livingston Parish, Louisiana",3,False,True
22065,"Madison Parish, Louisiana",3,False,True
22067,"Morehouse Parish, Louisiana",3,False,True
22069,"Natchitoches Parish, Louisiana",3,False,True
22071,"Orleans Parish, Louisiana",3,False,True
22073,"Ouachita Parish, Louisiana",3,False,True
22075,"Plaquemines Parish, Louisiana",3,False,True
22077,"Pointe Coupee Parish, Louisiana",3,False,True
22079,"Rapides Parish, Louisiana",3,False,True
22081,"Red River Parish, Louisiana",3,False,True
22083,"Richland Parish, Louisiana",3,False,True
22085,"Sabine Parish, Louisiana",3,False,True
22087,"St. Bernard Parish, Louisiana",3,False,True
22089,"St. Charles Parish, Louisiana",3,False,True
22091,"St. Helena Parish, Louisiana",3,False,True
22093,"St. James Parish, Louisiana",3,False,True
22095,"St. John the Baptist Parish, Louisiana",3,False,True
22097,"St. Landry Parish, Louisiana",3,False,True
22099,"St. Martin Parish, Louisiana",3,False,True
22101,"St. Mary Parish, Louisiana",3,False,True
22103,"St. Tammany Parish, Louisiana",3,False,True
22105,"Tangipahoa Parish, Louisiana",3,False,True
22107,"Tensas Parish, Louisiana",3,False,True
22109,"Terrebonne Parish, Louisiana",3,False,True
22111,"Union Parish, Louisiana",3,False,True
22113,"Vermilion Parish, Louisiana",3,False,True
22115,"Vernon Parish, Louisiana",3,False,True
22117,"Washington Parish, Louisiana",3,False,True
22119,"Webster Parish, Louisiana",3,False,True
22121,"West Baton Rouge Parish, Louisiana",3,False,True
22123,"West Carroll Parish, Louisiana",3,False,True
22125,"West Feliciana Parish, Louisiana",3,False,True
22127,"Winn Parish, Louisiana",3,False,True
23001,"Androscoggin County, Maine",3,False,True
23003,"Aroostook County, Maine",3,False,True
23005,"Cumberland County, Maine",3,False,True
23007,"Franklin County, Maine",3,False,True
23009,"Hancock County, Maine",3,False,True
23011,"Kennebec County, Maine",3,False,True
23013,"Knox County, Maine",3,False,True
23015,"Lincoln County, Maine",3,False,True
23017,"Oxford County, Maine",3,False,True
23019,"Penobscot County, Maine",3,False,True
23021,"Piscataquis County, Maine",3,False,True
23023,"Sagadahoc County, Maine",3,False,True
23025,"Somerset County, Maine",3,False,True
23027,"Waldo County, Maine",3,False,True
23029,"Washington County, Maine",3,False,True
23031,"York County, Maine",3,False,True
24001,"Allegany County, Maryland",3,False,True
24003,"Anne Arundel County, Maryland",3,False,True
24005,"Baltimore County, Maryland",3,False,True
24009,"Calvert County, Maryland",3,False,True
24011,"Caroline County, Maryland",3,False,True
24013,"Carroll County, Maryland",3,False,True
24015,"Cecil County, Maryland",3,False,True
24017,"Charles County, Maryland",3,False,True
24019,"Dorchester County, Maryland",3,False,True
24021,"Frederick County, Maryland",3,False,True
24023,"Garrett County, Maryland",3,False,True
24025,"Harford County, Maryland",3,False,True
24027,"Howard County, Maryland",3,False,True
24029,"Kent County, Maryland",3,False,True
24031,"Montgomery County, Maryland",3,False,True
24033,"Prince George's County, Maryland",3,False,True
24035,"Queen Anne's County, Maryland",3,False,True
24037,"St. Mary's County, Maryland",3,False,True
24039,"Somerset County, Maryland",3,False,True
24041,"Talbot County, Maryland",3,False,True
24043,"Washington County, Maryland",3,False,True
24045,"Wicomico County, Maryland",3,False,True
24047,"Worcester County, Maryland",3,False,True
24510,"Baltimore city, Maryland",3,False,True
25001,"Barnstable County, Massachusetts",3,False,True
25003,"Berkshire County, Massachusetts",3,False,True
25005,"Bristol County, Massachusetts",3,False,True
25007,"Dukes County, Massachusetts",3,False,True
25009,"Essex County, Massachusetts",3,False,True
25011,"Franklin County, Massachusetts",3,False,True
25013,"Hampden County, Massachusetts",3,False,True
25015,"Hampshire County, Massachusetts",3,False,True
25017,"Middlesex County, Massachusetts",3,False,True
25019,"Nantucket County, Massachusetts",3,False,True
25021,"Norfolk County, Massachusetts",3,False,True
25023,"Plymouth County, Massachusetts",3,False,True
25025,"Suffolk County, Massachusetts",3,False,True
25027,"Worcester County, Massachusetts",3,False,True
26001,"Alcona County, Michigan",3,False,True
26003,"Alger County, Michigan",3,False,True
26005,"Allegan County, Michigan",3,False,True
26007,"Alpena County, Michigan",3,False,True
26009,"Antrim County, Michigan",3,False,True
26011,"Arenac County, Michigan",3,False,True
26013,"Baraga County, Michigan",3,False,True
26015,"Barry County, Michigan",3,False,True
26017,"Bay County, Michigan",3,False,True
26019,"Benzie County, Michigan",3,False,True
26021,"Berrien County, Michigan",3,False,True
26023,"Branch County, Michigan",3,False,True
26025,"Calhoun County, Michigan",3,False,True
26027,"Cass County, Michigan",3,False,True
26029,"Charlevoix County, Michigan",3,False,True
26031,"Cheboygan County, Michigan",3,False,True
26033,"Chippewa County, Michigan",3,False,True
26035,"Clare County, Michigan",3,False,True
26037,"Clinton County, Michigan",3,False,True
26039,"Crawford County, Michigan",3,False,True
26041,"Delta County, Michigan",3,False,True
26043,"Dickinson County, Michigan",3,False,True
26045,"Eaton County, Michigan",3,False,True
26047,"Emmet County, Michigan",3,False,True
26049,"Genesee County, Michigan",3,False,True
26051,"Gladwin County, Michigan",3,False,True
26053,"Gogebic County, Michigan",3,False,True
26055,"Grand Traverse County, Michigan",3,False,True
26057,"Gratiot County, Michigan",3,False,True
26059,"Hillsdale County, Michigan",3,False,True
26061,"Houghton County, Michigan",3,False,True
26063,"Huron County, Michigan",3,False,True
26065,"Ingham County, Michigan",3,False,True
26067,"Ionia County, Michigan",3,False,True
26069,"Iosco County, Michigan",3,False,True
26071,"Iron County, Michigan",3,False,True
26073,"Isabella County, Michigan",3,False,True
26075,"Jackson County, Michigan",3,False,True
26077,"Kalamazoo County, Michigan",3,False,True
26079,"Kalkaska County, Michigan",3,False,True
26081,"Kent County, Michigan",3,False,True
26083,"Keweenaw County, Michigan",3,False,True
26085,"Lake County, Michigan",3,False,True
26087,"Lapeer County, Michigan",3,False,True
26089,"Leelanau County, Michigan",3,False,True
26091,"Lenawee County, Michigan",3,False,True
26093,"Livingston County, Michigan",3,False,True
26095,"Luce County, Michigan",3,False,True
26097,"Mackinac County, Michigan",3,False,True
26099,"Macomb County, Michigan",3,False,True
26101,"Manistee County, Michigan",3,False,True
26103,"Marquette County, Michigan",3,False,True
26105,"Mason County, Michigan",3,False,True
26107,"Mecosta County, Michigan",3,False,True
26109,"Menominee County, Michigan",3,False,True
26111,"Midland County, Michigan",3,False,True
26113,"Missaukee County, Michigan",3,False,True
26115,"Monroe County, Michigan",3,False,True
26117,"Montcalm County, Michigan",3,False,True
26119,"Montmorency County, Michigan",3,False,True
26121,"Muskegon County, Michigan",3,False,True
26123,"Newaygo County, Michigan",3,False,True
26125,"Oakland County, Michigan",3,False,True
26127,"Oceana County, Michigan",3,False,True
26129,"Ogemaw County, Michigan",3,False,True
26131,"Ontonagon County, Michigan",3,False,True
26133,"Osceola County, Michigan",3,False,True
26135,"Oscoda County, Michigan",3,False,True
26137,"Otsego County, Michigan",3,False,True
26139,"Ottawa County, Michigan",3,False,True
26141,"Presque Isle County, Michigan",3,False,True
26143,"Roscommon County, Michigan",3,False,True
26145,"Saginaw County, Michigan",3,False,True
26147,"St. Clair County, Michigan",3,False,True
26149,"St. Joseph County, Michigan",3,False,True
26151,"Sanilac County, Michigan",3,False,True
26153,"Schoolcraft County, Michigan",3,False,True
26155,"Shiawassee County, Michigan",3,False,True
26157,"Tuscola County, Michigan",3,False,True
26159,"Van Buren County, Michigan",3,False,True
26161,"Washtenaw County, Michigan",3,False,True
26163,"Wayne County, Michigan",3,False,True
26165,"Wexford County, Michigan",3,False,True
27001,"Aitkin County, Minnesota",3,False,True
27003,"Anoka County, Minnesota",3,False,True
27005,"Becker County, Minnesota",3,False,True
27007,"Beltrami County, Minnesota",3,False,True
27009,"Benton County, Minnesota",3,False,True
27011,"Big Stone County, Minnesota",3,False,True
27013,"Blue Earth County, Minnesota",3,False,True
27015,"Brown County, Minnesota",3,False,True
27017,"Carlton County, Minnesota",3,False,True
27019,"Carver County, Minnesota",3,False,True
27021,"Cass County, Minnesota",3,False,True
27023,"Chippewa County, Minnesota",3,False,True
27025,"Chisago County, Minnesota",3,False,True
27027,"Clay County, Minnesota",3,False,True
27029,"Clearwater County, Minnesota",3,False,True
27031,"Cook County, Minnesota",3,False,True
27033,"Cottonwood County, Minnesota",3,False,True
27035,"Crow Wing County, Minnesota",3,False,True
27037,"Dakota County, Minnesota",3,False,True
27039,"Dodge County, Minnesota",3,False,True
27041,"Douglas County, Minnesota",3,False,True
27043,"Faribault County, Minnesota",3,False,True
27045,"Fillmore County, Minnesota",3,False,True
27047,"Freeborn County, Minnesota",3,False,True
27049,"Goodhue County, Minnesota",3,False,True
27051,"Grant County, Minnesota",3,False,True
27053,"Hennepin County, Minnesota",3,False,True
27055,"Houston County, Minnesota",3,False,True
27057,"Hubbard County, Minnesota",3,False,True
27059,"Isanti County, Minnesota",3,False,True
27061,"Itasca County, Minnesota",3,False,True
27063,"Jackson County, Minnesota",3,False,True
27065,"Kanabec County, Minnesota",3,False,True
27067,"Kandiyohi County, Minnesota",3,False,True
27069,"Kittson County, Minnesota",3,False,True
27071,"Koochiching County, Minnesota",3,False,True
27073,"Lac qui Parle County, Minnesota",3,False,True
27075,"Lake County, Minnesota",3,False,True
27077,"Lake of the Woods County, Minnesota",3,False,True
27079,"Le Sueur County, Minnesota",3,False,True
27081,"Lincoln County, Minnesota",3,False,True
27083,"Lyon County, Minnesota",3,False,True
27085,"McLeod County, Minnesota",3,False,True
27087,"Mahnomen County, Minnesota",3,False,True
27089,"Marshall County, Minnesota",3,False,True
27091,"Martin County, Minnesota",3,False,True
27093,"Meeker County, Minnesota",3,False,True
27095,"Mille Lacs County, Minnesota",3,False,True
27097,"Morrison County, Minnesota",3,False,True
27099,"Mower County, Minnesota",3,False,True
27101,"Murray County, Minnesota",3,False,True
27103,"Nicollet County, Minnesota",3,False,True
27105,"Nobles County, Minnesota",3,False,True
27107,"Norman County, Minnesota",3,False,True
27109,"Olmsted County, Minnesota",3,False,True
27111,"Otter Tail County, Minnesota",3,False,True
27113,"Pennington County, Minnesota",3,False,True
27115,"Pine County, Minnesota",3,False,True
27117,"Pipestone County, Minnesota",3,False,True
27119,"Polk County, Minnesota",3,False,True
27121,"Pope County, Minnesota",3,False,True
27123,"Ramsey County, Minnesota",3,False,True
27125,"Red Lake County, Minnesota",3,False,True
27127,"Redwood County, Minnesota",3,False,True
27129,"Renville County, Minnesota",3,False,True
27131,"Rice County, Minnesota",3,False,True
27133,"Rock County, Minnesota",3,False,True
27135,"Roseau County, Minnesota",3,False,True
27137,"St. Louis County, Minnesota",3,False,True
27139,"Scott County, Minnesota",3,False,True
27141,"Sherburne County, Minnesota",3,False,True
27143,"Sibley County, Minnesota",3,False,True
27145,"Stearns County, Minnesota",3,False,True
27147,"Steele County, Minnesota",3,False,True
27149,"Stevens County, Minnesota",3,False,True
27151,"Swift County, Minnesota",3,False,True
27153,"Todd County, Minnesota",3,False,True
27155,"Traverse County, Minnesota",3,False,True
27157,"Wabasha County, Minnesota",3,False,True
27159,"Wadena County, Minnesota",3,False,True
27161,"Waseca County, Minnesota",3,False,True
27163,"Washington County, Minnesota",3,False,True
27165,"Watonwan County, Minnesota",3,False,True
27167,"Wilkin County, Minnesota",3,False,True
27169,"Winona County, Minnesota",3,False,True
27171,"Wright County, Minnesota",3,False,True
27173,"Yellow Medicine County, Minnesota",3,False,True
28001,"Adams County, Mississippi",3,False,True
28003,"Alcorn County, Mississippi",3,False,True
28005,"Amite County, Mississippi",3,False,True
28007,"Attala County, Mississippi",3,False,True
28009,"Benton County, Mississippi",3,False,True
28011,"Bolivar County, Mississippi",3,False,True
28013,"Calhoun County, Mississippi",3,False,True
28015,"Carroll County, Mississippi",3,False,True
28017,"Chickasaw County, Mississippi",3,False,True
28019,"Choctaw County, Mississippi",3,False,True
28021,"Claiborne County, Mississippi",3,False,True
28023,"Clarke County, Mississippi",3,False,True
28025,"Clay County, Mississippi",3,False,True
28027,"Coahoma County, Mississippi",3,False,True
28029,"Copiah County, Mississippi",3,False,True
28031,"Covington County, Mississippi",3,False,True
28033,"DeSoto County, Mississippi",3,False,True
28035,"Forrest County, Mississippi",3,False,True
28037,"Franklin County, Mississippi",3,False,True
28039,"George County, Mississippi",3,False,True
28041,"Greene County, Mississippi",3,False,True
28043,"Grenada County, Mississippi",3,False,True
28045,"Hancock County, Mississippi",3,False,True
28047,"Harrison County, Mississippi",3,False,True
28049,"Hinds County, Mississippi",3,False,True
28051,"Holmes County, Mississippi",3,False,True
28053,"Humphreys County, Mississippi",3,False,True
28055,"Issaquena County, Mississippi",3,False,True
28057,"Itawamba County, Mississippi",3,False,True
28059,"Jackson County, Mississippi",3,False,True
28061,"Jasper County, Mississippi",3,False,True
28063,"Jefferson County, Mississippi",3,False,True
28065,"Jefferson Davis County, Mississippi",3,False,True
28067,"Jones County, Mississippi",3,False,True
28069,"Kemper County, Mississippi",3,False,True
28071,"Lafayette County, Mississippi",3,False,True
28073,"Lamar County, Mississippi",3,False,True
28075,"Lauderdale County, Mississippi",3,False,True
28077,"Lawrence County, Mississippi",3,False,True
28079,"Leake County, Mississippi",3,False,True
28081,"Lee County, Mississippi",3,False,True
28083,"Leflore County, Mississippi",3,False,True
28085,"Lincoln County, Mississippi",3,False,True
28087,"Lowndes County, Mississippi",3,False,True
28089,"Madison County, Mississippi",3,False,True
28091,"Marion County, Mississippi",3,False,True
28093,"Marshall County, Mississippi",3,False,True
28095,"Monroe County, Mississippi",3,False,True
28097,"Montgomery County, Mississippi",3,False,True
28099,"Neshoba County, Mississippi",3,False,True
28101,"Newton County, Mississippi",3,False,True
28103,"Noxubee County, Mississippi",3,False,True
28105,"Oktibbeha County, Mississippi",3,False,True
28107,"Panola County, Mississippi",3,False,True
28109,"Pearl River County, Mississippi",3,False,True
28111,"Perry County, Mississippi",3,False,True
28113,"Pike County, Mississippi",3,False,True
28115,"Pontotoc County, Mississippi",3,False,True
28117,"Prentiss County, Mississippi",3,False,True
28119,"Quitman County, Mississippi",3,False,True
28121,"Rankin County, Mississippi",3,False,True
28123,"Scott County, Mississippi",3,False,True
28125,"Sharkey County, Mississippi",3,False,True
28127,"Simpson County, Mississippi",3,False,True
28129,"Smith County, Mississippi",3,False,True
28131,"Stone County, Mississippi",3,False,True
28133,"Sunflower County, Mississippi",3,False,True
28135,"Tallahatchie County, Mississippi",3,False,True
28137,"Tate County, Mississippi",3,False,True
28139,"Tippah County, Mississippi",3,False,True
28141,"Tishomingo County, Mississippi",3,False,True
28143,"Tunica County, Mississippi",3,False,True
28145,"Union County, Mississippi",3,False,True
28147,"Walthall County, Mississippi",3,False,True
28149,"Warren County, Mississippi",3,False,True
28151,"Washington County, Mississippi",3,False,True
28153,"Wayne County, Mississippi",3,False,True
28155,"Webster County, Mississippi",3,False,True
28157,"Wilkinson County, Mississippi",3,False,True
28159,"Winston County, Mississippi",3,False,True
28161,"Yalobusha County, Mississippi",3,False,True
28163,"Yazoo County, Mississippi",3,False,True
29001,"Adair County, Missouri",3,False,True
29003,"Andrew County, Missouri",3,False,True
29005,"Atchison County, Missouri",3,False,True
29007,"Audrain County, Missouri",3,False,True
29009,"Barry County, Missouri",3,False,True
29011,"Barton County, Missouri",3,False,True
29013,"Bates County, Missouri",3,False,True
29015,"Benton County, Missouri",3,False,True
29017,"Bollinger County, Missouri",3,False,True
29019,"Boone County, Missouri",3,False,True
29021,"Buchanan County, Missouri",3,False,True
29023,"Butler County, Missouri",3,False,True
29025,"Caldwell County, Missouri",3,False,True
29027,"Callaway County, Missouri",3,False,True
29029,"Camden County, Missouri",3,False,True
29031,"Cape Girardeau County, Missouri",3,False,True
29033,"Carroll County, Missouri",3,False,True
29035,"Carter County, Missouri",3,False,True
29037,"Cass County, Missouri",3,False,True
29039,"Cedar County, Missouri",3,False,True
29041,"Chariton County, Missouri",3,False,True
29043,"Christian County, Missouri",3,False,True
29045,"Clark County, Missouri",3,False,True
29047,"Clay County, Missouri",3,False,True
29049,"Clinton County, Missouri",3,False,True
29051,"Cole County, Missouri",3,False,True
29053,"Cooper County, Missouri",3,False,True
29055,"Crawford County, Missouri",3,False,True
29057,"Dade County, Missouri",3,False,True
29059,"Dallas County, Missouri",3,False,True
29061,"Daviess County, Missouri",3,False,True
29063,"DeKalb County, Missouri",3,False,True
29065,"Dent County, Missouri",3,False,True
29067,"Douglas County, Missouri",3,False,True
29069,"Dunklin County, Missouri",3,False,True
29071,"Franklin County, Missouri",3,False,True
29073,"Gasconade County, Missouri",3,False,True
29075,"Gentry County, Missouri",3,False,True
29077,"Greene County, Missouri",3,False,True
29079,"Grundy County, Missouri",3,False,True
29081,"Harrison County, Missouri",3,False,True
29083,"Henry County, Missouri",3,False,True
29085,"Hickory County, Missouri",3,False,True
29087,"Holt County, Missouri",3,False,True
29089,"Howard County, Missouri",3,False,True
29091,"Howell County, Missouri",3,False,True
29093,"Iron County, Missouri",3,False,True
29095,"Jackson County, Missouri",3,False,True
29097,"Jasper County, Missouri",3,False,True
29099,"Jefferson County, Missouri",3,False,True
29101,"Johnson County, Missouri",3,False,True
29103,"Knox County, Missouri",3,False,True
29105,"Laclede County, Missouri",3,False,True
29107,"Lafayette County, Missouri",3,False,True
29109,"Lawrence County, Missouri",3,False,True
29111,"Lewis County, Missouri",3,False,True
29113,"Lincoln County, Missouri",3,False,True
29115,"Linn County, Missouri",3,False,True
29117,"Livingston County, Missouri",3,False,True
29119,"McDonald County, Missouri",3,False,True
29121,"Macon County, Missouri",3,False,True
29123,"Madison County, Missouri",3,False,True
29125,"Maries County, Missouri",3,False,True
29127,"Marion County, Missouri",3,False,True
29129,"Mercer County, Missouri",3,False,True
29131,"Miller County, Missouri",3,False,True
29133,"Mississippi County, Missouri",3,False,True
29135,"Moniteau County, Missouri",3,False,True
29137,"Monroe County, Missouri",3,False,True
29139,"Montgomery County, Missouri",3,False,True
29141,"Morgan County, Missouri",3,False,True
29143,"New Madrid County, Missouri",3,False,True
29145,"Newton County, Missouri",3,False,True
29147,"Nodaway County, Missouri",3,False,True
29149,"Oregon County, Missouri",3,False,True
29151,"Osage County, Missouri",3,False,True
29153,"Ozark County, Missouri",3,False,True
29155,"Pemiscot County, Missouri",3,False,True
29157,"Perry County, Missouri",3,False,True
29159,"Pettis County, Missouri",3,False,True
29161,"Phelps County, Missouri",3,False,True
29163,"Pike County, Missouri",3,False,True
29165,"Platte County, Missouri",3,False,True
29167,"Polk County, Missouri",3,False,True
29169,"Pulaski County, Missouri",3,False,True
29171,"Putnam County, Missouri",3,False,True
29173,"Ralls County, Missouri",3,False,True
29175,"Randolph County, Missouri",3,False,True
29177,"Ray County, Missouri",3,False,True
29179,"Reynolds County, Missouri",3,False,True
29181,"Ripley County, Missouri",3,False,True
29183,"St. Charles County, Missouri",3,False,True
29185,"St. Clair County, Missouri",3,False,True
29186,"Ste. Genevieve County, Missouri",3,False,True
29187,"St. Francois County, Missouri",3,False,True
29189,"St. Louis County, Missouri",3,False,True
29195,"Saline County, Missouri",3,False,True
29197,"Schuyler County, Missouri",3,False,True
29199,"Scotland County, Missouri",3,False,True
29201,"Scott County, Missouri",3,False,True
29203,"Shannon County, Missouri",3,False,True
29205,"Shelby County, Missouri",3,False,True
29207,"Stoddard County, Missouri",3,False,True
29209,"Stone County, Missouri",3,False,True
29211,"Sullivan County, Missouri",3,False,True
29213,"Taney County, Missouri",3,False,True
29215,"Texas County, Missouri",3,False,True
29217,"Vernon County, Missouri",3,False,True
29219,"Warren County, Missouri",3,False,True
29221,"Washington County, Missouri",3,False,True
29223,"Wayne County, Missouri",3,False,True
29225,"Webster County, Missouri",3,False,True
29227,"Worth County, Missouri",3,False,True
29229,"Wright County, Missouri",3,False,True
29510,"St. Louis city, Missouri",3,False,True
30001,"Beaverhead County, Montana",3,False,True
30003,"Big Horn County, Montana",3,False,True
30005,"Blaine County, Montana",3,False,True
30007,"Broadwater County, Montana",3,False,True
30009,"Carbon County, Montana",3,False,True
30011,"Carter County, Montana",3,False,True
30013,"Cascade County, Montana",3,False,True
30015,"Chouteau County, Montana",3,False,True
30017,"Custer County, Montana",3,False,True
30019,"Daniels County, Montana",3,False,True
30021,"Dawson County, Montana",3,False,True
30023,"Deer Lodge County, Montana",3,False,True
30025,"Fallon County, Montana",3,False,True
30027,"Fergus County, Montana",3,False,True
30029,"Flathead County, Montana",3,False,True
30031,"Gallatin County, Montana",3,False,True
30033,"Garfield County, Montana",3,False,True
30035,"Glacier County, Montana",3,False,True
30037,"Golden Valley County, Montana",3,False,True
30039,"Granite County, Montana",3,False,True
30041,"Hill County, Montana",3,False,True
30043,"Jefferson County, Montana",3,False,True
30045,"Judith Basin County, Montana",3,False,True
30047,"Lake County, Montana",3,False,True
30049,"Lewis and Clark County, Montana",3,False,True
30051,"Liberty County, Montana",3,False,True
30053,"Lincoln County, Montana",3,False,True
30055,"McCone County, Montana",3,False,True
30057,"Madison County, Montana",3,False,True
30059,"Meagher County, Montana",3,False,True
30061,"Mineral County, Montana",3,False,True
30063,"Missoula County, Montana",3,False,True
30065,"Musselshell County, Montana",3,False,True
30067,"Park County, Montana",3,False,True
30069,"Petroleum County, Montana",3,False,True
30071,"Phillips County, Montana",3,False,True
30073,"Pondera County, Montana",3,False,True
30075,"Powder River County, Montana",3,False,True
30077,"Powell County, Montana",3,False,True
30079,"Prairie County, Montana",3,False,True
30081,"Ravalli County, Montana",3,False,True
30083,"Richland County, Montana",3,False,True
30085,"Roosevelt County, Montana",3,False,True
30087,"Rosebud County, Montana",3,False,True
30089,"Sanders County, Montana",3,False,True
30091,"Sheridan County, Montana",3,False,True
30093,"Silver Bow County, Montana",3,False,True
30095,"Stillwater County, Montana",3,False,True
30097,"Sweet Grass County, Montana",3,False,True
30099,"Teton County, Montana",3,False,True
30101,"Toole County, Montana",3,False,True
30103,"Treasure County, Montana",3,False,True
30105,"Valley County, Montana",3,False,True
30107,"Wheatland County, Montana",3,False,True
30109,"Wibaux County, Montana",3,False,True
30111,"Yellowstone County, Montana",3,False,True
31001,"Adams County, Nebraska",3,False,True
31003,"Antelope County, Nebraska",3,False,True
31005,"Arthur County, Nebraska",3,False,True
31007,"Banner County, Nebraska",3,False,True
31009,"Blaine County, Nebraska",3,False,True
31011,"Boone County, Nebraska",3,False,True
31013,"Box Butte County, Nebraska",3,False,True
31015,"Boyd County, Nebraska",3,False,True
31017,"Brown County, Nebraska",3,False,True
31019,"Buffalo County, Nebraska",3,False,True
31021,"Burt County, Nebraska",3,False,True
31023,"Butler County, Nebraska",3,False,True
31025,"Cass County, Nebraska",3,False,True
31027,"Cedar County, Nebraska",3,False,True
31029,"Chase County, Nebraska",3,False,True
31031,"Cherry County, Nebraska",3,False,True
31033,"Cheyenne County, Nebraska",3,False,True
31035,"Clay County, Nebraska",3,False,True
31037,"Colfax County, Nebraska",3,False,True
31039,"Cuming County, Nebraska",3,False,True
31041,"Custer County, Nebraska",3,False,True
31043,"Dakota County, Nebraska",3,False,True
31045,"Dawes County, Nebraska",3,False,True
31047,"Dawson County, Nebraska",3,False,True
31049,"Deuel County, Nebraska",3,False,True
31051,"Dixon County, Nebraska",3,False,True
31053,"Dodge County, Nebraska",3,False,True
31055,"Douglas County, Nebraska",3,False,True
31057,"Dundy County, Nebraska",3,False,True
31059,"Fillmore County, Nebraska",3,False,True
31061,"Franklin County, Nebraska",3,False,True
31063,"Frontier County, Nebraska",3,False,True
31065,"Furnas County, Nebraska",3,False,True
31067,"Gage County, Nebraska",3,False,True
31069,"Garden County, Nebraska",3,False,True
31071,"Garfield County, Nebraska",3,False,True
31073,"Gosper County, Nebraska",3,False,True
31075,"Grant County, Nebraska",3,False,True
31077,"Greeley County, Nebraska",3,False,True
31079,"Hall County, Nebraska",3,False,True
31081,"Hamilton County, Nebraska",3,False,True
31083,"Harlan County, Nebraska",3,False,True
31085,"Hayes County, Nebraska",3,False,True
31087,"Hitchcock County, Nebraska",3,False,True
31089,"Holt County, Nebraska",3,False,True
31091,"Hooker County, Nebraska",3,False,True
31093,"Howard County, Nebraska",3,False,True
31095,"Jefferson County, Nebraska",3,False,True
31097,"Johnson County, Nebraska",3,False,True
31099,"Kearney County, Nebraska",3,False,True
31101,"Keith County, Nebraska",3,False,True
31103,"Keya Paha County, Nebraska",3,False,True
31105,"Kimball County, Nebraska",3,False,True
31107,"Knox County, Nebraska",3,False,True
31109,"Lancaster County, Nebraska",3,False,True
31111,"Lincoln County, Nebraska",3,False,True
31113,"Logan County, Nebraska",3,False,True
31115,"Loup County, Nebraska",3,False,True
31117,"McPherson County, Nebraska",3,False,True
31119,"Madison County, Nebraska",3,False,True
31121,"Merrick County, Nebraska",3,False,True
31123,"Morrill County, Nebraska",3,False,True
31125,"Nance County, Nebraska",3,False,True
31127,"Nemaha County, Nebraska",3,False,True
31129,"Nuckolls County, Nebraska",3,False,True
31131,"Otoe County, Nebraska",3,False,True
31133,"Pawnee County, Nebraska",3,False,True
31135,"Perkins County, Nebraska",3,False,True
31137,"Phelps County, Nebraska",3,False,True
31139,"Pierce County, Nebraska",3,False,True
31141,"Platte County, Nebraska",3,False,True
31143,"Polk County, Nebraska",3,False,True
31145,"Red Willow County, Nebraska",3,False,True
31147,"Richardson County, Nebraska",3,False,True
31149,"Rock County, Nebraska",3,False,True
31151,"Saline County, Nebraska",3,False,True
31153,"Sarpy County, Nebraska",3,False,True
31155,"Saunders County, Nebraska",3,False,True
31157,"Scotts Bluff County, Nebraska",3,False,True
31159,"Seward County, Nebraska",3,False,True
31161,"Sheridan County, Nebraska",3,False,True
31163,"Sherman County, Nebraska",3,False,True
31165,"Sioux County, Nebraska",3,False,True
31167,"Stanton County, Nebraska",3,False,True
31169,"Thayer County, Nebraska",3,False,True
31171,"Thomas County, Nebraska",3,False,True
31173,"Thurston County, Nebraska",3,False,True
31175,"Valley County, Nebraska",3,False,True
31177,"Washington County, Nebraska",3,False,True
31179,"Wayne County, Nebraska",3,False,True
31181,"Webster County, Nebraska",3,False,True
31183,"Wheeler County, Nebraska",3,False,True
31185,"York County, Nebraska",3,False,True
32001,"Churchill County, Nevada",3,False,True
32003,"Clark County, Nevada",3,False,True
32005,"Douglas County, Nevada",3,False,True
32007,"Elko County, Nevada",3,False,True
32009,"Esmeralda County, Nevada",3,False,True
32011,"Eureka County, Nevada",3,False,True
32013,"Humboldt County, Nevada",3,False,True
32015,"Lander County, Nevada",3,False,True
32017,"Lincoln County, Nevada",3,False,True
32019,"Lyon County, Nevada",3,False,True
32021,"Mineral County, Nevada",3,False,True
32023,"Nye County, Nevada",3,False,True
32027,"Pershing County, Nevada",3,False,True
32029,"Storey County, Nevada",3,False,True
32031,"Washoe County, Nevada",3,False,True
32033,"White Pine County, Nevada",3,False,True
32510,"Carson City, Nevada",3,False,True
33001,"Belknap County, New Hampshire",3,False,True
33003,"Carroll County, New Hampshire",3,False,True
33005,"Cheshire County, New Hampshire",3,False,True
33007,"Coos County, New Hampshire",3,False,True
33009,"Grafton County, New Hampshire",3,False,True
33011,"Hillsborough County, New Hampshire",3,False,True
33013,"Merrimack County, New Hampshire",3,False,True
33015,"Rockingham County, New Hampshire",3,False,True
33017,"Strafford County, New Hampshire",3,False,True
33019,"Sullivan County, New Hampshire",3,False,True
34001,"Atlantic County, New Jersey",3,False,True
34003,"Bergen County, New Jersey",3,False,True
34005,"Burlington County, New Jersey",3,False,True
34007,"Camden County, New Jersey",3,False,True
34009,"Cape May County, New Jersey",3,False,True
34011,"Cumberland County, New Jersey",3,False,True
34013,"Essex County, New Jersey",3,False,True
34015,"Gloucester County, New Jersey",3,False,True
34017,"Hudson County, New Jersey",3,False,True
34019,"Hunterdon County, New Jersey",3,False,True
34021,"Mercer County, New Jersey",3,False,True
34023,"Middlesex County, New Jersey",3,False,True
34025,"Monmouth County, New Jersey",3,False,True
34027,"Morris County, New Jersey",3,False,True
34029,"Ocean County, New Jersey",3,False,True
34031,"Passaic County, New Jersey",3,False,True
34033,"Salem County, New Jersey",3,False,True
34035,"Somerset County, New Jersey",3,False,True
34037,"Sussex County, New Jersey",3,False,True
34039,"Union County, New Jersey",3,False,True
34041,"Warren County, New Jersey",3,False,True
35001,"Bernalillo County, New Mexico",3,False,True
35003,"Catron County, New Mexico",3,False,True
35005,"Chaves County, New Mexico",3,False,True
35006,"Cibola County, New Mexico",3,False,True
35007,"Colfax County, New Mexico",3,False,True
35009,"Curry County, New Mexico",3,False,True
35011,"De Baca County, New Mexico",3,False,True
35013,"Doña Ana County, New Mexico",3,False,True
35015,"Eddy County, New Mexico",3,False,True
35017,"Grant County, New Mexico",3,False,True
35019,"Guadalupe County, New Mexico",3,False,True
35021,"Harding County, New Mexico",3,False,True
35023,"Hidalgo County, New Mexico",3,False,True
35025,"Lea County, New Mexico",3,False,True
35027,"Lincoln County, New Mexico",3,False,True
35028,"Los Alamos County, New Mexico",3,False,True
35029,"Luna County, New Mexico",3,False,True
35031,"McKinley County, New Mexico",3,False,True
35033,"Mora County, New Mexico",3,False,True
35035,"Otero County, New Mexico",3,False,True
35037,"Quay County, New Mexico",3,False,True
35039,"Rio Arriba County, New Mexico",3,False,True
35041,"Roosevelt County, New Mexico",3,False,True
35043,"Sandoval County, New Mexico",3,False,True
35045,"San Juan County, New Mexico",3,False,True
35047,"San Miguel County, New Mexico",3,False,True
35049,"Santa Fe County, New Mexico",3,False,True
35051,"Sierra County, New Mexico",3,False,True
35053,"Socorro County, New Mexico",3,False,True
35055,"Taos County, New Mexico",3,False,True
35057,"Torrance County, New Mexico",3,False,True
35059,"Union County, New Mexico",3,False,True
35061,"Valencia County, New Mexico",3,False,True
36001,"Albany County, New York",3,False,True
36003,"Allegany County, New York",3,False,True
36005,"Bronx County, New York",3,False,True
36007,"Broome County, New York",3,False,True
36009,"Cattaraugus County, New York",3,False,True
36011,"Cayuga County, New York",3,False,True
36013,"Chautauqua County, New York",3,False,True
36015,"Chemung County, New York",3,False,True
36017,"Chenango County, New York",3,False,True
36019,"Clinton County, New York",3,False,True
36021,"Columbia County, New York",3,False,True
36023,"Cortland County, New York",3,False,True
36025,"Delaware County, New York",3,False,True
36027,"Dutchess County, New York",3,False,True
36029,"Erie County, New York",3,False,True
36031,"Essex County, New York",3,False,True
36033,"Franklin County, New York",3,False,True
36035,"Fulton County, New York",3,False,True
36037,"Genesee County, New York",3,False,True
36039,"Greene County, New York",3,False,True
36041,"Hamilton County, New York",3,False,True
36043,"Herkimer County, New York",3,False,True
36045,"Jefferson County, New York",3,False,True
36047,"Kings County, New York",3,False,True
36049,"Lewis County, New York",3,False,True
36051,"Livingston County, New York",3,False,True
36053,"Madison County, New York",3,False,True
36055,"Monroe County, New York",3,False,True
36057,"Montgomery County, New York",3,False,True
36059,"Nassau County, New York",3,False,True
36061,"New York County, New York",3,False,True
36063,"Niagara County, New York",3,False,True
36065,"Oneida County, New York",3,False,True
36067,"Onondaga County, New York",3,False,True
36069,"Ontario County, New York",3,False,True
36071,"Orange County, New York",3,False,True
36073,"Orleans County, New York",3,False,True
36075,"Oswego County, New York",3,False,True
36077,"Otsego County, New York",3,False,True
36079,"Putnam County, New York",3,False,True
36081,"Queens County, New York",3,False,True
36083,"Rensselaer County, New York",3,False,True
36085,"Richmond County, New York",3,False,True
36087,"Rockland County, New York",3,False,True
36089,"St. Lawrence County, New York",3,False,True
36091,"Saratoga County, New York",3,False,True
36093,"Schenectady County, New York",3,False,True
36095,"Schoharie County, New York",3,False,True
36097,"Schuyler County, New York",3,False,True
36099,"Seneca County, New York",3,False,True
36101,"Steuben County, New York",3,False,True
36103,"Suffolk County, New York",3,False,True
36105,"Sullivan County, New York",3,False,True
36107,"Tioga County, New York",3,False,True
36109,"Tompkins County, New York",3,False,True
36111,"Ulster County, New York",3,False,True
36113,"Warren County, New York",3,False,True
36115,"Washington County, New York",3,False,True
36117,"Wayne County, New York",3,False,True
36119,"Westchester County, New York",3,False,True
36121,"Wyoming County, New York",3,False,True
36123,"Yates County, New York",3,False,True
37001,"Alamance County, North Carolina",3,False,True
37003,"Alexander County, North Carolina",3,False,True
37005,"Alleghany County, North Carolina",3,False,True
37007,"Anson County, North Carolina",3,False,True
37009,"Ashe County, North Carolina",3,False,True
37011,"Avery County, North Carolina",3,False,True
37013,"Beaufort County, North Carolina",3,False,True
37015,"Bertie County, North Carolina",3,False,True
37017,"Bladen County, North Carolina",3,False,True
37019,"Brunswick County, North Carolina",3,False,True
37021,"Buncombe County, North Carolina",3,False,True
37023,"Burke County, North Carolina",3,False,True
37025,"Cabarrus County, North Carolina",3,False,True
37027,"Caldwell County, North Carolina",3,False,True
37029,"Camden County, North Carolina",3,False,True
37031,"Carteret County, North Carolina",3,False,True
37033,"Caswell County, North Carolina",3,False,True
37035,"Catawba County, North Carolina",3,False,True
37037,"Chatham County, North Carolina",3,False,True
37039,"Cherokee County, North Carolina",3,False,True
37041,"Chowan County, North Carolina",3,False,True
37043,"Clay County, North Carolina",3,False,True
37045,"Cleveland County, North Carolina",3,False,True
37047,"Columbus County, North Carolina",3,False,True
37049,"Craven County, North Carolina",3,False,True
37051,"Cumberland County, North Carolina",3,False,True
37053,"Currituck County, North Carolina",3,False,True
37055,"Dare County, North Carolina",3,False,True
37057,"Davidson County, North Carolina",3,False,True
37059,"Davie County, North Carolina",3,False,True
37061,"Duplin County, North Carolina",3,False,True
37063,"Durham County, North Carolina",3,False,True
37065,"Edgecombe County, North Carolina",3,False,True
37067,"Forsyth County, North Carolina",3,False,True
37069,"Franklin County, North Carolina",3,False,True
37071,"Gaston County, North Carolina",3,False,True
37073,"Gates County, North Carolina",3,False,True
37075,"Graham County, North Carolina",3,False,True
37077,"Granville County, North Carolina",3,False,True
37079,"Greene County, North Carolina",3,False,True
37081,"Guilford County, North Carolina",3,False,True
37083,"Halifax County, North Carolina",3,False,True
37085,"Harnett County, North Carolina",3,False,True
37087,"Haywood County, North Carolina",3,False,True
37089,"Henderson County, North Carolina",3,False,True
37091,"Hertford County, North Carolina",3,False,True
37093,"Hoke County, North Carolina",3,False,True
37095,"Hyde County, North Carolina",3,False,True
37097,"Iredell County, North Carolina",3,False,True
37099,"Jackson County, North Carolina",3,False,True
37101,"Johnston County, North Carolina",3,False,True
37103,"Jones County, North Carolina",3,False,True
37105,"Lee County, North Carolina",3,False,True
37107,"Lenoir County, North Carolina",3,False,True
37109,"Lincoln County, North Carolina",3,False,True
37111,"McDowell County, North Carolina",3,False,True
37113,"Macon County, North Carolina",3,False,True
37115,"Madison County, North Carolina",3,False,True
37117,"Martin County, North Carolina",3,False,True
37119,"Mecklenburg County, North Carolina",3,False,True
37121,"Mitchell County, North Carolina",3,False,True
37123,"Montgomery County, North Carolina",3,False,True
37125,"Moore County, North Carolina",3,False,True
37127,"Nash County, North Carolina",3,False,True
37129,"New Hanover County, North Carolina",3,False,True
37131,"Northampton County, North Carolina",3,False,True
37133,"Onslow County, North Carolina",3,False,True
37135,"Orange County, North Carolina",3,False,True
37137,"Pamlico County, North Carolina",3,False,True
37139,"Pasquotank County, North Carolina",3,False,True
37141,"Pender County, North Carolina",3,False,True
37143,"Perquimans County, North Carolina",3,False,True
37145,"Person County, North Carolina",3,False,True
37147,"Pitt County, North Carolina",3,False,True
37149,"Polk County, North Carolina",3,False,True
37151,"Randolph County, North Carolina",3,False,True
37153,"Richmond County, North Carolina",3,False,True
37155,"Robeson County, North Carolina",3,False,True
37157,"Rockingham County, North Carolina",3,False,True
37159,"Rowan County, North Carolina",3,False,True
37161,"Rutherford County, North Carolina",3,False,True
37163,"Sampson County, North Carolina",3,False,True
37165,"Scotland County, North Carolina",3,False,True
37167,"Stanly County, North Carolina",3,False,True
37169,"Stokes County, North Carolina",3,False,True
37171,"Surry County, North Carolina",3,False,True
37173,"Swain County, North Carolina",3,False,True
37175,"Transylvania County, North Carolina",3,False,True
37177,"Tyrrell County, North Carolina",3,False,True
37179,"Union County, North Carolina",3,False,True
37181,"Vance County, North Carolina",3,False,True
37183,"Wake County, North Carolina",3,False,True
37185,"Warren County, North Carolina",3,False,True
37187,"Washington County, North Carolina",3,False,True
37189,"Watauga County, North Carolina",3,False,True
37191,"Wayne County, North Carolina",3,False,True
37193,"Wilkes County, North Carolina",3,False,True
37195,"Wilson County, North Carolina",3,False,True
37197,"Yadkin County, North Carolina",3,False,True
37199,"Yancey County, North Carolina",3,False,True
38001,"Adams County, North Dakota",3,False,True
38003,"Barnes County, North Dakota",3,False,True
38005,"Benson County, North Dakota",3,False,True
38007,"Billings County, North Dakota",3,False,True
38009,"Bottineau County, North Dakota",3,False,True
38011,"Bowman County, North Dakota",3,False,True
38013,"Burke County, North Dakota",3,False,True
38015,"Burleigh County, North Dakota",3,False,True
38017,"Cass County, North Dakota",3,False,True
38019,"Cavalier County, North Dakota",3,False,True
38021,"Dickey County, North Dakota",3,False,True
38023,"Divide County, North Dakota",3,False,True
38025,"Dunn County, North Dakota",3,False,True
38027,"Eddy County, North Dakota",3,False,True
38029,"Emmons County, North Dakota",3,False,True
38031,"Foster County, North Dakota",3,False,True
38033,"Golden Valley County, North Dakota",3,False,True
38035,"Grand Forks County, North Dakota",3,False,True
38037,"Grant County, North Dakota",3,False,True
38039,"Griggs County, North Dakota",3,False,True
38041,"Hettinger County, North Dakota",3,False,True
38043,"Kidder County, North Dakota",3,False,True
38045,"LaMoure County, North Dakota",3,False,True
38047,"Logan County, North Dakota",3,False,True
38049,"McHenry County, North Dakota",3,False,True
38051,"McIntosh County, North Dakota",3,False,True
38053,"McKenzie County, North Dakota",3,False,True
38055,"McLean County, North Dakota",3,False,True
38057,"Mercer County, North Dakota",3,False,True
38059,"Morton County, North Dakota",3,False,True
38061,"Mountrail County, North Dakota",3,False,True
38063,"Nelson County, North Dakota",3,False,True
38065,"Oliver County, North Dakota",3,False,True
38067,"Pembina County, North Dakota",3,False,True
38069,"Pierce County, North Dakota",3,False,True
38071,"Ramsey County, North Dakota",3,False,True
38073,"Ransom County, North Dakota",3,False,True
38075,"Renville County, North Dakota",3,False,True
38077,"Richland County, North Dakota",3,False,True
38079,"Rolette County, North Dakota",3,False,True
38081,"Sargent County, North Dakota",3,False,True
38083,"Sheridan County, North Dakota",3,False,True
38085,"Sioux County, North Dakota",3,False,True
38087,"Slope County, North Dakota",3,False,True
38089,"Stark County, North Dakota",3,False,True
38091,"Steele County, North Dakota",3,False,True
38093,"Stutsman County, North Dakota",3,False,True
38095,"Towner County, North Dakota",3,False,True
38097,"Traill County, North Dakota",3,False,True
38099,"Walsh County, North Dakota",3,False,True
38101,"Ward County, North Dakota",3,False,True
38103,"Wells County, North Dakota",3,False,True
38105,"Williams County, North Dakota",3,False,True
39001,"Adams County, Ohio",3,False,True
39003,"Allen County, Ohio",3,False,True
39005,"Ashland County, Ohio",3,False,True
39007,"Ashtabula County, Ohio",3,False,True
39009,"Athens County, Ohio",3,False,True
39011,"Auglaize County, Ohio",3,False,True
39013,"Belmont County, Ohio",3,False,True
39015,"Brown County, Ohio",3,False,True
39017,"Butler County, Ohio",3,False,True
39019,"Carroll County, Ohio",3,False,True
39021,"Champaign County, Ohio",3,False,True
39023,"Clark County, Ohio",3,False,True
39025,"Clermont County, Ohio",3,False,True
39027,"Clinton County, Ohio",3,False,True
39029,"Columbiana County, Ohio",3,False,True
39031,"Coshocton County, Ohio",3,False,True
39033,"Crawford County, Ohio",3,False,True
39035,"Cuyahoga County, Ohio",3,False,True
39037,"Darke County, Ohio",3,False,True
39039,"Defiance County, Ohio",3,False,True
39041,"Delaware County, Ohio",3,False,True
39043,"Erie County, Ohio",3,False,True
39045,"Fairfield County, Ohio",3,False,True
39047,"Fayette County, Ohio",3,False,True
39049,"Franklin County, Ohio",3,False,True
39051,"Fulton County, Ohio",3,False,True
39053,"Gallia County, Ohio",3,False,True
39055,"Geauga County, Ohio",3,False,True
39057,"Greene County, Ohio",3,False,True
39059,"Guernsey County, Ohio",3,False,True
39061,"Hamilton County, Ohio",3,False,True
39063,"Hancock County, Ohio",3,False,True
39065,"Hardin County, Ohio",3,False,True
39067,"Harrison County, Ohio",3,False,True
39069,"Henry County, Ohio",3,False,True
39071,"Highland County, Ohio",3,False,True
39073,"Hocking County, Ohio",3,False,True
39075,"Holmes County, Ohio",3,False,True
39077,"Huron County, Ohio",3,False,True
39079,"Jackson County, Ohio",3,False,True
39081,"Jefferson County, Ohio",3,False,True
39083,"Knox County, Ohio",3,False,True
39085,"Lake County, Ohio",3,False,True
39087,"Lawrence County, Ohio",3,False,True
39089,"Licking County, Ohio",3,False,True
39091,"Logan County, Ohio",3,False,True
39093,"Lorain County, Ohio",3,False,True
39095,"Lucas County, Ohio",3,False,True
39097,"Madison County, Ohio",3,False,True
39099,"Mahoning County, Ohio",3,False,True
39101,"Marion County, Ohio",3,False,True
39103,"Medina County, Ohio",3,False,True
39105,"Meigs County, Ohio",3,False,True
39107,"Mercer County, Ohio",3,False,True
39109,"Miami County, Ohio",3,False,True
39111,"Monroe County, Ohio",3,False,True
39113,"Montgomery County, Ohio",3,False,True
39115,"Morgan County, Ohio",3,False,True
39117,"Morrow County, Ohio",3,False,True
39119,"Muskingum County, Ohio",3,False,True
39121,"Noble County, Ohio",3,False,True
39123,"Ottawa County, Ohio",3,False,True
39125,"Paulding County, Ohio",3,False,True
39127,"Perry County, Ohio",3,False,True
39129,"Pickaway County, Ohio",3,False,True
39131,"Pike County, Ohio",3,False,True
39133,"Portage County, Ohio",3,False,True
39135,"Preble County, Ohio",3,False,True
39137,"Putnam County, Ohio",3,False,True
39139,"Richland County, Ohio",3,False,True
39141,"Ross County, Ohio",3,False,True
39143,"Sandusky County, Ohio",3,False,True
39145,"Scioto County, Ohio",3,False,True
39147,"Seneca County, Ohio",3,False,True
39149,"Shelby County, Ohio",3,False,True
39151,"Stark County, Ohio",3,False,True
39153,"Summit County, Ohio",3,False,True
39155,"Trumbull County, Ohio",3,False,True
39157,"Tuscarawas County, Ohio",3,False,True
39159,"Union County, Ohio",3,False,True
39161,"Van Wert County, Ohio",3,False,True
39163,"Vinton County, Ohio",3,False,True
39165,"Warren County, Ohio",3,False,True
39167,"Washington County, Ohio",3,False,True
39169,"Wayne County, Ohio",3,False,True
39171,"Williams County, Ohio",3,False,True
39173,"Wood County, Ohio",3,False,True
39175,"Wyandot County, Ohio",3,False,True
40001,"Adair County, Oklahoma",3,False,True
40003,"Alfalfa County, Oklahoma",3,False,True
40005,"Atoka County, Oklahoma",3,False,True
40007,"Beaver County, Oklahoma",3,False,True
40009,"Beckham County, Oklahoma",3,False,True
40011,"Blaine County, Oklahoma",3,False,True
40013,"Bryan County, Oklahoma",3,False,True
40015,"Caddo County, Oklahoma",3,False,True
40017,"Canadian County, Oklahoma",3,False,True
40019,"Carter County, Oklahoma",3,False,True
40021,"Cherokee County, Oklahoma",3,False,True
40023,"Choctaw County, Oklahoma",3,False,True
40025,"Cimarron County, Oklahoma",3,False,True
40027,"Cleveland County, Oklahoma",3,False,True
40029,"Coal County, Oklahoma",3,False,True
40031,"Comanche County, Oklahoma",3,False,True
40033,"Cotton County, Oklahoma",3,False,True
40035,"Craig County, Oklahoma",3,False,True
40037,"Creek County, Oklahoma",3,False,True
40039,"Custer County, Oklahoma",3,False,True
40041,"Delaware County, Oklahoma",3,False,True
40043,"Dewey County, Oklahoma",3,False,True
40045,"Ellis County, Oklahoma",3,False,True
40047,"Garfield County, Oklahoma",3,False,True
40049,"Garvin County, Oklahoma",3,False,True
40051,"Grady County, Oklahoma",3,False,True
40053,"Grant County, Oklahoma",3,False,True
40055,"Greer County, Oklahoma",3,False,True
40057,"Harmon County, Oklahoma",3,False,True
40059,"Harper County, Oklahoma",3,False,True
40061,"Haskell County, Oklahoma",3,False,True
40063,"Hughes County, Oklahoma",3,False,True
40065,"Jackson County, Oklahoma",3,False,True
40067,"Jefferson County, Oklahoma",3,False,True
40069,"Johnston County, Oklahoma",3,False,True
40071,"Kay County, Oklahoma",3,False,True
40073,"Kingfisher County, Oklahoma",3,False,True
40075,"Kiowa County, Oklahoma",3,False,True
40077,"Latimer County, Oklahoma",3,False,True
40079,"Le Flore County, Oklahoma",3,False,True
40081,"Lincoln County, Oklahoma",3,False,True
40083,"Logan County, Oklahoma",3,False,True
40085,"Love County, Oklahoma",3,False,True
40087,"McClain County, Oklahoma",3,False,True
40089,"McCurtain County, Oklahoma",3,False,True
40091,"McIntosh County, Oklahoma",3,False,True
40093,"Major County, Oklahoma",3,False,True
40095,"Marshall County, Oklahoma",3,False,True
40097,"Mayes County, Oklahoma",3,False,True
40099,"Murray County, Oklahoma",3,False,True
40101,"Muskogee County, Oklahoma",3,False,True
40103,"Noble County, Oklahoma",3,False,True
40105,"Nowata County, Oklahoma",3,False,True
40107,"Okfuskee County, Oklahoma",3,False,True
40109,"Oklahoma County, Oklahoma",3,False,True
40111,"Okmulgee County, Oklahoma",3,False,True
40113,"Osage County, Oklahoma",3,False,True
40115,"Ottawa County, Oklahoma",3,False,True
40117,"Pawnee County, Oklahoma",3,False,True
40119,"Payne County, Oklahoma",3,False,True
40121,"Pittsburg County, Oklahoma",3,False,True
40123,"Pontotoc County, Oklahoma",3,False,True
40125,"Pottawatomie County, Oklahoma",3,False,True
40127,"Pushmataha County, Oklahoma",3,False,True
40129,"Roger Mills County, Oklahoma",3,False,True
40131,"Rogers County, Oklahoma",3,False,True
40133,"Seminole County, Oklahoma",3,False,True
40135,"Sequoyah County, Oklahoma",3,False,True
40137,"Stephens County, Oklahoma",3,False,True
40139,"Texas County, Oklahoma",3,False,True
40141,"Tillman County, Oklahoma",3,False,True
40143,"Tulsa County, Oklahoma",3,False,True
40145,"Wagoner County, Oklahoma",3,False,True
40147,"Washington County, Oklahoma",3,False,True
40149,"Washita County, Oklahoma",3,False,True
40151,"Woods County, Oklahoma",3,False,True
40153,"Woodward County, Oklahoma",3,False,True
41001,"Baker County, Oregon",3,False,True
41003,"Benton County, Oregon",3,False,True
41005,"Clackamas County, Oregon",3,False,True
41007,"Clatsop County, Oregon",3,False,True
41009,"Columbia County, Oregon",3,False,True
41011,"Coos County, Oregon",3,False,True
41013,"Crook County, Oregon",3,False,True
41015,"Curry County, Oregon",3,False,True
41017,"Deschutes County, Oregon",3,False,True
41019,"Douglas County, Oregon",3,False,True
41021,"Gilliam County, Oregon",3,False,True
41023,"Grant County, Oregon",3,False,True
41025,"Harney County, Oregon",3,False,True
41027,"Hood River County, Oregon",3,False,True
41029,"Jackson County, Oregon",3,False,True
41031,"Jefferson County, Oregon",3,False,True
41033,"Josephine County, Oregon",3,False,True
41035,"Klamath County, Oregon",3,False,True
41037,"Lake County, Oregon",3,False,True
41039,"Lane County, Oregon",3,False,True
41041,"Lincoln County, Oregon",3,False,True
41043,"Linn County, Oregon",3,False,True
41045,"Malheur County, Oregon",3,False,True
41047,"Marion County, Oregon",3,False,True
41049,"Morrow County, Oregon",3,False,True
41051,"Multnomah County, Oregon",3,False,True
41053,"Polk County, Oregon",3,False,True
41055,"Sherman County, Oregon",3,False,True
41057,"Tillamook County, Oregon",3,False,True
41059,"Umatilla County, Oregon",3,False,True
41061,"Union County, Oregon",3,False,True
41063,"Wallowa County, Oregon",3,False,True
41065,"Wasco County, Oregon",3,False,True
41067,"Washington County, Oregon",3,False,True
41069,"Wheeler County, Oregon",3,False,True
41071,"Yamhill County, Oregon",3,False,True
42001,"Adams County, Pennsylvania",3,False,True
42003,"Allegheny County, Pennsylvania",3,False,True
42005,"Armstrong County, Pennsylvania",3,False,True
42007,"Beaver County, Pennsylvania",3,False,True
42009,"Bedford County, Pennsylvania",3,False,True
42011,"Berks County, Pennsylvania",3,False,True
42013,"Blair County, Pennsylvania",3,False,True
42015,"Bradford County, Pennsylvania",3,False,True
42017,"Bucks County, Pennsylvania",3,False,True
42019,"Butler County, Pennsylvania",3,False,True
42021,"Cambria County, Pennsylvania",3,False,True
42023,"Cameron County, Pennsylvania",3,False,True
42025,"Carbon County, Pennsylvania",3,False,True
42027,"Centre County, Pennsylvania",3,False,True
42029,"Chester County, Pennsylvania",3,False,True
42031,"Clarion County, Pennsylvania",3,False,True
42033,"Clearfield County, Pennsylvania",3,False,True
42035,"Clinton County, Pennsylvania",3,False,True
42037,"Columbia County, Pennsylvania",3,False,True
42039,"Crawford County, Pennsylvania",3,False,True
42041,"Cumberland County, Pennsylvania",3,False,True
42043,"Dauphin County, Pennsylvania",3,False,True
42045,"Delaware County, Pennsylvania",3,False,True
42047,"Elk County, Pennsylvania",3,False,True
42049,"Erie County, Pennsylvania",3,False,True
42051,"Fayette County, Pennsylvania",3,False,True
42053,"Forest County, Pennsylvania",3,False,True
42055,"Franklin County, Pennsylvania",3,False,True
42057,"Fulton County, Pennsylvania",3,False,True
42059,"Greene County, Pennsylvania",3,False,True
42061,"Huntingdon County, Pennsylvania",3,False,True
42063,"Indiana County, Pennsylvania",3,False,True
42065,"Jefferson County, Pennsylvania",3,False,True
42067,"Juniata County, Pennsylvania",3,False,True
42069,"Lackawanna County, Pennsylvania",3,False,True
42071,"Lancaster County, Pennsylvania",3,False,True
42073,"Lawrence County, Pennsylvania",3,False,True
42075,"Lebanon County, Pennsylvania",3,False,True
42077,"Lehigh County, Pennsylvania",3,False,True
42079,"Luzerne County, Pennsylvania",3,False,True
42081,"Lycoming County, Pennsylvania",3,False,True
42083,"McKean County, Pennsylvania",3,False,True
42085,"Mercer County, Pennsylvania",3,False,True
42087,"Mifflin County, Pennsylvania",3,False,True
42089,"Monroe County, Pennsylvania",3,False,True
42091,"Montgomery County, Pennsylvania",3,False,True
42093,"Montour County, Pennsylvania",3,False,True
42095,"Northampton County, Pennsylvania",3,False,True
42097,"Northumberland County, Pennsylvania",3,False,True
42099,"Perry County, Pennsylvania",3,False,True
42101,"Philadelphia County, Pennsylvania",3,False,True
42103,"Pike County, Pennsylvania",3,False,True
42105,"Potter County, Pennsylvania",3,False,True
42107,"Schuylkill County, Pennsylvania",3,False,True
42109,"Snyder County, Pennsylvania",3,False,True
42111,"Somerset County, Pennsylvania",3,False,True
42113,"Sullivan County, Pennsylvania",3,False,True
42115,"Susquehanna County, Pennsylvania",3,False,True
42117,"Tioga County, Pennsylvania",3,False,True
42119,"Union County, Pennsylvania",3,False,True
42121,"Venango County, Pennsylvania",3,False,True
42123,"Warren County, Pennsylvania",3,False,True
42125,"Washington County, Pennsylvania",3,False,True
42127,"Wayne County, Pennsylvania",3,False,True
42129,"Westmoreland County, Pennsylvania",3,False,True
42131,"Wyoming County, Pennsylvania",3,False,True
42133,"York County, Pennsylvania",3,False,True
44001,"Bristol County, Rhode Island",3,False,True
44003,"Kent County, Rhode Island",3,False,True
44005,"Newport County, Rhode Island",3,False,True
44007,"Providence County, Rhode Island",3,False,True
44009,"Washington County, Rhode Island",3,False,True
45001,"Abbeville County, South Carolina",3,False,True
45003,"Aiken County, South Carolina",3,False,True
45005,"Allendale County, South Carolina",3,False,True
45007,"Anderson County, South Carolina",3,False,True
45009,"Bamberg County, South Carolina",3,False,True
45011,"Barnwell County, South Carolina",3,False,True
45013,"Beaufort County, South Carolina",3,False,True
45015,"Berkeley County, South Carolina",3,False,True
45017,"Calhoun County, South Carolina",3,False,True
45019,"Charleston County, South Carolina",3,False,True
45021,"Cherokee County, South Carolina",3,False,True
45023,"Chester County, South Carolina",3,False,True
45025,"Chesterfield County, South Carolina",3,False,True
45027,"Clarendon County, South Carolina",3,False,True
45029,"Colleton County, South Carolina",3,False,True
45031,"Darlington County, South Carolina",3,False,True
45033,"Dillon County, South Carolina",3,False,True
45035,"Dorchester County, South Carolina",3,False,True
45037,"Edgefield County, South Carolina",3,False,True
45039,"Fairfield County, South Carolina",3,False,True
45041,"Florence County, South Carolina",3,False,True
45043,"Georgetown County, South Carolina",3,False,True
45045,"Greenville County, South Carolina",3,False,True
45047,"Greenwood County, South Carolina",3,False,True
45049,"Hampton County, South Carolina",3,False,True
45051,"Horry County, South Carolina",3,False,True
45053,"Jasper County, South Carolina",3,False,True
45055,"Kershaw County, South Carolina",3,False,True
45057,"Lancaster County, South Carolina",3,False,True
45059,"Laurens County, South Carolina",3,False,True
45061,"Lee County, South Carolina",3,False,True
45063,"Lexington County, South Carolina",3,False,True
45065,"McCormick County, South Carolina",3,False,True
45067,"Marion County, South Carolina",3,False,True
45069,"Marlboro County, South Carolina",3,False,True
45071,"Newberry County, South Carolina",3,False,True
45073,"Oconee County, South Carolina",3,False,True
45075,"Orangeburg County, South Carolina",3,False,True
45077,"Pickens County, South Carolina",3,False,True
45079,"Richland County, South Carolina",3,False,True
45081,"Saluda County, South Carolina",3,False,True
45083,"Spartanburg County, South Carolina",3,False,True
45085,"Sumter County, South Carolina",3,False,True
45087,"Union County, South Carolina",3,False,True
45089,"Williamsburg County, South Carolina",3,False,True
45091,"York County, South Carolina",3,False,True
46003,"Aurora County, South Dakota",3,False,True
46005,"Beadle County, South Dakota",3,False,True
46007,"Bennett County, South Dakota",3,False,True
46009,"Bon Homme County, South Dakota",3,False,True
46011,"Brookings County, South Dakota",3,False,True
46013,"Brown County, South Dakota",3,False,True
46015,"Brule County, South Dakota",3,False,True
46017,"Buffalo County, South Dakota",3,False,True
46019,"Butte County, South Dakota",3,False,True
46021,"Campbell County, South Dakota",3,False,True
46023,"Charles Mix County, South Dakota",3,False,True
46025,"Clark County, South Dakota",3,False,True
46027,"Clay County, South Dakota",3,False,True
46029,"Codington County, South Dakota",3,False,True
46031,"Corson County, South Dakota",3,False,True
46033,"Custer County, South Dakota",3,False,True
46035,"Davison County, South Dakota",3,False,True
46037,"Day County, South Dakota",3,False,True
46039,"Deuel County, South Dakota",3,False,True
46041,"Dewey County, South Dakota",3,False,True
46043,"Douglas County, South Dakota",3,False,True
46045,"Edmunds County, South Dakota",3,False,True
46047,"Fall River County, South Dakota",3,False,True
46049,"Faulk County, South Dakota",3,False,True
46051,"Grant County, South Dakota",3,False,True
46053,"Gregory County, South Dakota",3,False,True
46055,"Haakon County, South Dakota",3,False,True
46057,"Hamlin County, South Dakota",3,False,True
46059,"Hand County, South Dakota",3,False,True
46061,"Hanson County, South Dakota",3,False,True
46063,"Harding County, South Dakota",3,False,True
46065,"Hughes County, South Dakota",3,False,True
46067,"Hutchinson County, South Dakota",3,False,True
46069,"Hyde County, South Dakota",3,False,True
46071,"Jackson County, South Dakota",3,False,True
46073,"Jerauld County, South Dakota",3,False,True
46075,"Jones County, South Dakota",3,False,True
46077,"Kingsbury County, South Dakota",3,False,True
46079,"Lake County, South Dakota",3,False,True
46081,"Lawrence County, South Dakota",3,False,True
46083,"Lincoln County, South Dakota",3,False,True
46085,"Lyman County, South Dakota",3,False,True
46087,"McCook County, South Dakota",3,False,True
46089,"McPherson County, South Dakota",3,False,True
46091,"Marshall County, South Dakota",3,False,True
46093,"Meade County, South Dakota",3,False,True
46095,"Mellette County, South Dakota",3,False,True
46097,"Miner County, South Dakota",3,False,True
46099,"Minnehaha County, South Dakota",3,False,True
46101,"Moody County, South Dakota",3,False,True
46102,"Oglala Lakota County, South Dakota",2,True,False
46103,"Pennington County, South Dakota",3,False,True
46105,"Perkins County, South Dakota",3,False,True
46107,"Potter County, South Dakota",3,False,True
46109,"Roberts County, South Dakota",3,False,True
46111,"Sanborn County, South Dakota",3,False,True
46113,"Shannon County, South Dakota",1,True,False
46115,"Spink County, South Dakota",3,False,True
46117,"Stanley County, South Dakota",3,False,True
46119,"Sully County, South Dakota",3,False,True
46121,"Todd County, South Dakota",3,False,True
46123,"Tripp County, South Dakota",3,False,True
46125,"Turner County, South Dakota",3,False,True
46127,"Union County, South Dakota",3,False,True
46129,"Walworth County, South Dakota",3,False,True
46135,"Yankton County, South Dakota",3,False,True
46137,"Ziebach County, South Dakota",3,False,True
47001,"Anderson County, Tennessee",3,False,True
47003,"Bedford County, Tennessee",3,False,True
47005,"Benton County, Tennessee",3,False,True
47007,"Bledsoe County, Tennessee",3,False,True
47009,"Blount County, Tennessee",3,False,True
47011,"Bradley County, Tennessee",3,False,True
47013,"Campbell County, Tennessee",3,False,True
47015,"Cannon County, Tennessee",3,False,True
47017,"Carroll County, Tennessee",3,False,True
47019,"Carter County, Tennessee",3,False,True
47021,"Cheatham County, Tennessee",3,False,True
47023,"Chester County, Tennessee",3,False,True
47025,"Claiborne County, Tennessee",3,False,True
47027,"Clay County, Tennessee",3,False,True
47029,"Cocke County, Tennessee",3,False,True
47031,"Coffee County, Tennessee",3,False,True
47033,"Crockett County, Tennessee",3,False,True
47035,"Cumberland County, Tennessee",3,False,True
47037,"Davidson County, Tennessee",3,False,True
47039,"Decatur County, Tennessee",3,False,True
47041,"DeKalb County, Tennessee",3,False,True
47043,"Dickson County, Tennessee",3,False,True
47045,"Dyer County, Tennessee",3,False,True
47047,"Fayette County, Tennessee",3,False,True
47049,"Fentress County, Tennessee",3,False,True
47051,"Franklin County, Tennessee",3,False,True
47053,"Gibson County, Tennessee",3,False,True
47055,"Giles County, Tennessee",3,False,True
47057,"Grainger County, Tennessee",3,False,True
47059,"Greene County, Tennessee",3,False,True
47061,"Grundy County, Tennessee",3,False,True
47063,"Hamblen County, Tennessee",3,False,True
47065,"Hamilton County, Tennessee",3,False,True
47067,"Hancock County, Tennessee",3,False,True
47069,"Hardeman County, Tennessee",3,False,True
47071,"Hardin County, Tennessee",3,False,True
47073,"Hawkins County, Tennessee",3,False,True
47075,"Haywood County, Tennessee",3,False,True
47077,"Henderson County, Tennessee",3,False,True
47079,"Henry County, Tennessee",3,False,True
47081,"Hickman County, Tennessee",3,False,True
47083,"Houston County, Tennessee",3,False,True
47085,"Humphreys County, Tennessee",3,False,True
47087,"Jackson County, Tennessee",3,False,True
47089,"Jefferson County, Tennessee",3,False,True
47091,"Johnson County, Tennessee",3,False,True
47093,"Knox County, Tennessee",3,False,True
47095,"Lake County, Tennessee",3,False,True
47097,"Lauderdale County, Tennessee",3,False,True
47099,"Lawrence County, Tennessee",3,False,True
47101,"Lewis County, Tennessee",3,False,True
47103,"Lincoln County, Tennessee",3,False,True
47105,"Loudon County, Tennessee",3,False,True
47107,"McMinn County, Tennessee",3,False,True
47109,"McNairy County, Tennessee",3,False,True
47111,"Macon County, Tennessee",3,False,True
47113,"Madison County, Tennessee",3,False,True
47115,"Marion County, Tennessee",3,False,True
47117,"Marshall County, Tennessee",3,False,True
47119,"Maury County, Tennessee",3,False,True
47121,"Meigs County, Tennessee",3,False,True
47123,"Monroe County, Tennessee",3,False,True
47125,"Montgomery County, Tennessee",3,False,True
47127,"Moore County, Tennessee",3,False,True
47129,"Morgan County, Tennessee",3,False,True
47131,"Obion County, Tennessee",3,False,True
47133,"Overton County, Tennessee",3,False,True
47135,"Perry County, Tennessee",3,False,True
47137,"Pickett County, Tennessee",3,False,True
47139,"Polk County, Tennessee",3,False,True
47141,"Putnam County, Tennessee",3,False,True
47143,"Rhea County, Tennessee",3,False,True
47145,"Roane County, Tennessee",3,False,True
47147,"Robertson County, Tennessee",3,False,True
47149,"Rutherford County, Tennessee",3,False,True
47151,"Scott County, Tennessee",3,False,True
47153,"Sequatchie County, Tennessee",3,False,True
47155,"Sevier County, Tennessee",3,False,True
47157,"Shelby County, Tennessee",3,False,True
47159,"Smith County, Tennessee",3,False,True
47161,"Stewart County, Tennessee",3,False,True
47163,"Sullivan County, Tennessee",3,False,True
47165,"Sumner County, Tennessee",3,False,True
47167,"Tipton County, Tennessee",3,False,True
47169,"Trousdale County, Tennessee",3,False,True
47171,"Unicoi County, Tennessee",3,False,True
47173,"Union County, Tennessee",3,False,True
47175,"Van Buren County, Tennessee",3,False,True
47177,"Warren County, Tennessee",3,False,True
47179,"Washington County, Tennessee",3,False,True
47181,"Wayne County, Tennessee",3,False,True
47183,"Weakley County, Tennessee",3,False,True
47185,"White County, Tennessee",3,False,True
47187,"Williamson County, Tennessee",3,False,True
47189,"Wilson County, Tennessee",3,False,True
48001,"Anderson County, Texas",3,False,True
48003,"Andrews County, Texas",3,False,True
48005,"Angelina County, Texas",3,False,True
48007,"Aransas County, Texas",3,False,True
48009,"Archer County, Texas",3,False,True
48011,"Armstrong County, Texas",3,False,True
48013,"Atascosa County, Texas",3,False,True
48015,"Austin County, Texas",3,False,True
48017,"Bailey County, Texas",3,False,True
48019,"Bandera County, Texas",3,False,True
48021,"Bastrop County, Texas",3,False,True
48023,"Baylor County, Texas",3,False,True
48025,"Bee County, Texas",3,False,True
48027,"Bell County, Texas",3,False,True
48029,"Bexar County, Texas",3,False,True
48031,"Blanco County, Texas",3,False,True
48033,"Borden County, Texas",3,False,True
48035,"Bosque County, Texas",3,False,True
48037,"Bowie County, Texas",3,False,True
48039,"Brazoria County, Texas",3,False,True
48041,"Brazos County, Texas",3,False,True
48043,"Brewster County, Texas",3,False,True
48045,"Briscoe County, Texas",3,False,True
48047,"Brooks County, Texas",3,False,True
48049,"Brown County, Texas",3,False,True
48051,"Burleson County, Texas",3,False,True
48053,"Burnet County, Texas",3,False,True
48055,"Caldwell County, Texas",3,False,True
48057,"Calhoun County, Texas",3,False,True
48059,"Callahan County, Texas",3,False,True
48061,"Cameron County, Texas",3,False,True
48063,"Camp County, Texas",3,False,True
48065,"Carson County, Texas",3,False,True
48067,"Cass County, Texas",3,False,True
48069,"Castro County, Texas",3,False,True
48071,"Chambers County, Texas",3,False,True
48073,"Cherokee County, Texas",3,False,True
48075,"Childress County, Texas",3,False,True
48077,"Clay County, Texas",3,False,True
48079,"Cochran County, Texas",3,False,True
48081,"Coke County, Texas",3,False,True
48083,"Coleman County, Texas",3,False,True
48085,"Collin County, Texas",3,False,True
48087,"Collingsworth County, Texas",3,False,True
48089,"Colorado County, Texas",3,False,True
48091,"Comal County, Texas",3,False,True
48093,"Comanche County, Texas",3,False,True
48095,"Concho County, Texas",3,False,True
48097,"Cooke County, Texas",3,False,True
48099,"Coryell County, Texas",3,False,True
48101,"Cottle County, Texas",3,False,True
48103,"Crane County, Texas",3,False,True
48105,"Crockett County, Texas",2,False,False
48107,"Crosby County, Texas",3,False,True
48109,"Culberson County, Texas",3,False,True
48111,"Dallam County, Texas",3,False,True
48113,"Dallas County, Texas",3,False,True
48115,"Dawson County, Texas",3,False,True
48117,"Deaf Smith County, Texas",3,False,True
48119,"Delta County, Texas",3,False,True
48121,"Denton County, Texas",3,False,True
48123,"DeWitt County, Texas",3,False,True
48125,"Dickens County, Texas",3,False,True
48127,"Dimmit County, Texas",3,False,True
48129,"Donley County, Texas",3,False,True
48131,"Duval County, Texas",3,False,True
48133,"Eastland County, Texas",3,False,True
48135,"Ector County, Texas",3,False,True
48137,"Edwards County, Texas",2,False,False
48139,"Ellis County, Texas",3,False,True
48141,"El Paso County, Texas",3,False,True
48143,"Erath County, Texas",3,False,True
48145,"Falls County, Texas",3,False,True
48147,"Fannin County, Texas",3,False,True
48149,"Fayette County, Texas",3,False,True
48151,"Fisher County, Texas",3,False,True
48153,"Floyd County, Texas",3,False,True
48155,"Foard County, Texas",3,False,True
48157,"Fort Bend County, Texas",3,False,True
48159,"Franklin County, Texas",3,False,True
48161,"Freestone County, Texas",3,False,True
48163,"Frio County, Texas",3,False,True
48165,"Gaines County, Texas",3,False,True
48167,"Galveston County, Texas",3,False,True
48169,"Garza County, Texas",3,False,True
48171,"Gillespie County, Texas",3,False,True
48173,"Glasscock County, Texas",3,False,True
48175,"Goliad County, Texas",3,False,True
48177,"Gonzales County, Texas",3,False,True
48179,"Gray County, Texas",3,False,True
48181,"Grayson County, Texas",3,False,True
48183,"Gregg County, Texas",3,False,True
48185,"Grimes County, Texas",3,False,True
48187,"Guadalupe County, Texas",3,False,True
48189,"Hale County, Texas",3,False,True
48191,"Hall County, Texas",3,False,True
48193,"Hamilton County, Texas",3,False,True
48195,"Hansford County, Texas",3,False,True
48197,"Hardeman County, Texas",3,False,True
48199,"Hardin County, Texas",3,False,True
48201,"Harris County, Texas",3,False,True
48203,"Harrison County, Texas",3,False,True
48205,"Hartley County, Texas",3,False,True
48207,"Haskell County, Texas",3,False,True
48209,"Hays County, Texas",3,False,True
48211,"Hemphill County, Texas",3,False,True
48213,"Henderson County, Texas",3,False,True
48215,"Hidalgo County, Texas",3,False,True
48217,"Hill County, Texas",3,False,True
48219,"Hockley County, Texas",3,False,True
48221,"Hood County, Texas",3,False,True
48223,"Hopkins County, Texas",3,False,True
48225,"Houston County, Texas",3,False,True
48227,"Howard County, Texas",3,False,True
48229,"Hudspeth County, Texas",3,False,True
48231,"Hunt County, Texas",3,False,True
48233,"Hutchinson County, Texas",3,False,True
48235,"Irion County, Texas",3,False,True
48237,"Jack County, Texas",3,False,True
48239,"Jackson County, Texas",3,False,True
48241,"Jasper County, Texas",3,False,True
48243,"Jeff Davis County, Texas",3,False,True
48245,"Jefferson County, Texas",3,False,True
48247,"Jim Hogg County, Texas",3,False,True
48249,"Jim Wells County, Texas",3,False,True
48251,"Johnson County, Texas",3,False,True
48253,"Jones County, Texas",3,False,True
48255,"Karnes County, Texas",3,False,True
48257,"Kaufman County, Texas",3,False,True
48259,"Kendall County, Texas",3,False,True
48261,"Kenedy County, Texas",2,False,False
48263,"Kent County, Texas",3,False,True
48265,"Kerr County, Texas",3,False,True
48267,"Kimble County, Texas",3,False,True
48269,"King County, Texas",3,False,True
48271,"Kinney County, Texas",3,False,True
48273,"Kleberg County, Texas",3,False,True
48275,"Knox County, Texas",3,False,True
48277,"Lamar County, Texas",3,False,True
48279,"Lamb County, Texas",3,False,True
48281,"Lampasas County, Texas",3,False,True
48283,"La Salle County, Texas",3,False,True
48285,"Lavaca County, Texas",3,False,True
48287,"Lee County, Texas",3,False,True
48289,"Leon County, Texas",3,False,True
48291,"Liberty County, Texas",3,False,True
48293,"Limestone County, Texas",3,False,True
48295,"Lipscomb County, Texas",3,False,True
48297,"Live Oak County, Texas",3,False,True
48299,"Llano County, Texas",3,False,True
48301,"Loving County, Texas",1,False,False
48303,"Lubbock County, Texas",3,False,True
48305,"Lynn County, Texas",3,False,True
48307,"McCulloch County, Texas",3,False,True
48309,"McLennan County, Texas",3,False,True
48311,"McMullen County, Texas",3,False,True
48313,"Madison County, Texas",3,False,True
48315,"Marion County, Texas",3,False,True
48317,"Martin County, Texas",3,False,True
48319,"Mason County, Texas",3,False,True
48321,"Matagorda County, Texas",3,False,True
48323,"Maverick County, Texas",3,False,True
48325,"Medina County, Texas",3,False,True
48327,"Menard County, Texas",3,False,True
48329,"Midland County, Texas",3,False,True
48331,"Milam County, Texas",3,False,True
48333,"Mills County, Texas",3,False,True
48335,"Mitchell County, Texas",3,False,True
48337,"Montague County, Texas",3,False,True
48339,"Montgomery County, Texas",3,False,True
48341,"Moore County, Texas",3,False,True
48343,"Morris County, Texas",3,False,True
48345,"Motley County, Texas",3,False,True
48347,"Nacogdoches County, Texas",3,False,True
48349,"Navarro County, Texas",3,False,True
48351,"Newton County, Texas",3,False,True
48353,"Nolan County, Texas",3,False,True
48355,"Nueces County, Texas",3,False,True
48357,"Ochiltree County, Texas",3,False,True
48359,"Oldham County, Texas",3,False,True
48361,"Orange County, Texas",3,False,True
48363,"Palo Pinto County, Texas",3,False,True
48365,"Panola County, Texas",3,False,True
48367,"Parker County, Texas",3,False,True
48369,"Parmer County, Texas",3,False,True
48371,"Pecos County, Texas",3,False,True
48373,"Polk County, Texas",3,False,True
48375,"Potter County, Texas",3,False,True
48377,"Presidio County, Texas",3,False,True
48379,"Rains County, Texas",3,False,True
48381,"Randall County, Texas",3,False,True
48383,"Reagan County, Texas",3,False,True
48385,"Real County, Texas",3,False,True
48387,"Red River County, Texas",3,False,True
48389,"Reeves County, Texas",3,False,True
48391,"Refugio County, Texas",3,False,True
48393,"Roberts County, Texas",3,False,True
48395,"Robertson County, Texas",3,False,True
48397,"Rockwall County, Texas",3,False,True
48399,"Runnels County, Texas",3,False,True
48401,"Rusk County, Texas",3,False,True
48403,"Sabine County, Texas",3,False,True
48405,"San Augustine County, Texas",3,False,True
48407,"San Jacinto County, Texas",3,False,True
48409,"San Patricio County, Texas",3,False,True
48411,"San Saba County, Texas",3,False,True
48413,"Schleicher County, Texas",3,False,True
48415,"Scurry County, Texas",3,False,True
48417,"Shackelford County, Texas",3,False,True
48419,"Shelby County, Texas",3,False,True
48421,"Sherman County, Texas",3,False,True
48423,"Smith County, Texas",3,False,True
48425,"Somervell County, Texas",3,False,True
48427,"Starr County, Texas",3,False,True
48429,"Stephens County, Texas",3,False,True
48431,"Sterling County, Texas",3,False,True
48433,"Stonewall County, Texas",3,False,True
48435,"Sutton County, Texas",3,False,True
48437,"Swisher County, Texas",3,False,True
48439,"Tarrant County, Texas",3,False,True
48441,"Taylor County, Texas",3,False,True
48443,"Terrell County, Texas",3,False,True
48445,"Terry County, Texas",3,False,True
48447,"Throckmorton County, Texas",3,False,True
48449,"Titus County, Texas",3,False,True
48451,"Tom Green County, Texas",3,False,True
48453,"Travis County, Texas",3,False,True
48455,"Trinity County, Texas",3,False,True
48457,"Tyler County, Texas",3,False,True
48459,"Upshur County, Texas",3,False,True
48461,"Upton County, Texas",3,False,True
48463,"Uvalde County, Texas",3,False,True
48465,"Val Verde County, Texas",3,False,True
48467,"Van Zandt County, Texas",3,False,True
48469,"Victoria County, Texas",3,False,True
48471,"Walker County, Texas",3,False,True
48473,"Waller County, Texas",3,False,True
48475,"Ward County, Texas",3,False,True
48477,"Washington County, Texas",3,False,True
48479,"Webb County, Texas",3,False,True
48481,"Wharton County, Texas",3,False,True
48483,"Wheeler County, Texas",3,False,True
48485,"Wichita County, Texas",3,False,True
48487,"Wilbarger County, Texas",3,False,True
48489,"Willacy County, Texas",3,False,True
48491,"Williamson County, Texas",3,False,True
48493,"Wilson County, Texas",3,False,True
48495,"Winkler County, Texas",3,False,True
48497,"Wise County, Texas",3,False,True
48499,"Wood County, Texas",3,False,True
48501,"Yoakum County, Texas",3,False,True
48503,"Young County, Texas",3,False,True
48505,"Zapata County, Texas",3,False,True
48507,"Zavala County, Texas",3,False,True
49001,"Beaver County, Utah",3,False,True
49003,"Box Elder County, Utah",3,False,True
49005,"Cache County, Utah",3,False,True
49007,"Carbon County, Utah",3,False,True
49009,"Daggett County, Utah",3,False,True
49011,"Davis County, Utah",3,False,True
49013,"Duchesne County, Utah",3,False,True
49015,"Emery County, Utah",3,False,True
49017,"Garfield County, Utah",3,False,True
49019,"Grand County, Utah",3,False,True
49021,"Iron County, Utah",3,False,True
49023,"Juab County, Utah",3,False,True
49025,"Kane County, Utah",3,False,True
49027,"Millard County, Utah",3,False,True
49029,"Morgan County, Utah",3,False,True
49031,"Piute County, Utah",3,False,True
49033,"Rich County, Utah",3,False,True
49035,"Salt Lake County, Utah",3,False,True
49037,"San Juan County, Utah",3,False,True
49039,"Sanpete County, Utah",3,False,True
49041,"Sevier County, Utah",3,False,True
49043,"Summit County, Utah",3,False,True
49045,"Tooele County, Utah",3,False,True
49047,"Uintah County, Utah",3,False,True
49049,"Utah County, Utah",3,False,True
49051,"Wasatch County, Utah",3,False,True
49053,"Washington County, Utah",3,False,True
49055,"Wayne County, Utah",3,False,True
49057,"Weber County, Utah",3,False,True
50001,"Addison County, Vermont",3,False,True
50003,"Bennington County, Vermont",3,False,True
50005,"Caledonia County, Vermont",3,False,True
50007,"Chittenden County, Vermont",3,False,True
50009,"Essex County, Vermont",3,False,True
50011,"Franklin County, Vermont",3,False,True
50013,"Grand Isle County, Vermont",3,False,True
50015,"Lamoille County, Vermont",3,False,True
50017,"Orange County, Vermont",3,False,True
50019,"Orleans County, Vermont",3,False,True
50021,"Rutland County, Vermont",3,False,True
50023,"Washington County, Vermont",3,False,True
50025,"Windham County, Vermont",3,False,True
50027,"Windsor County, Vermont",3,False,True
51001,"Accomack County, Virginia",3,False,True
51003,"Albemarle County, Virginia",3,False,True
51005,"Alleghany County, Virginia",3,False,True
51007,"Amelia County, Virginia",3,False,True
51009,"Amherst County, Virginia",3,False,True
51011,"Appomattox County, Virginia",3,False,True
51013,"Arlington County, Virginia",3,False,True
51015,"Augusta County, Virginia",3,False,True
51017,"Bath County, Virginia",3,False,True
51019,"Bedford County, Virginia",3,True,False
51021,"Bland County, Virginia",3,False,True
51023,"Botetourt County, Virginia",3,False,True
51025,"Brunswick County, Virginia",3,False,True
51027,"Buchanan County, Virginia",3,False,True
51029,"Buckingham County, Virginia",3,False,True
51031,"Campbell County, Virginia",3,False,True
51033,"Caroline County, Virginia",3,False,True
51035,"Carroll County, Virginia",3,False,True
51036,"Charles City County, Virginia",3,False,True
51037,"Charlotte County, Virginia",3,False,True
51041,"Chesterfield County, Virginia",3,False,True
51043,"Clarke County, Virginia",3,False,True
51045,"Craig County, Virginia",3,False,True
51047,"Culpeper County, Virginia",3,False,True
51049,"Cumberland County, Virginia",3,False,True
51051,"Dickenson County, Virginia",3,False,True
51053,"Dinwiddie County, Virginia",3,False,True
51057,"Essex County, Virginia",3,False,True
51059,"Fairfax County, Virginia",3,False,True
51061,"Fauquier County, Virginia",3,False,True
51063,"Floyd County, Virginia",3,False,True
51065,"Fluvanna County, Virginia",3,False,True
51067,"Franklin County, Virginia",3,False,True
51069,"Frederick County, Virginia",3,False,True
51071,"Giles County, Virginia",3,False,True
51073,"Gloucester County, Virginia",3,False,True
51075,"Goochland County, Virginia",3,False,True
51077,"Grayson County, Virginia",3,False,True
51079,"Greene County, Virginia",3,False,True
51081,"Greensville County, Virginia",3,False,True
51083,"Halifax County, Virginia",3,False,True
51085,"Hanover County, Virginia",3,False,True
51087,"Henrico County, Virginia",3,False,True
51089,"Henry County, Virginia",3,False,True
51091,"Highland County, Virginia",3,False,True
51093,"Isle of Wight County, Virginia",3,False,True
51095,"James City County, Virginia",3,False,True
51097,"King and Queen County, Virginia",3,False,True
51099,"King George County, Virginia",3,False,True
51101,"King William County, Virginia",3,False,True
51103,"Lancaster County, Virginia",3,False,True
51105,"Lee County, Virginia",3,False,True
51107,"Loudoun County, Virginia",3,False,True
51109,"Louisa County, Virginia",3,False,True
51111,"Lunenburg County, Virginia",3,False,True
51113,"Madison County, Virginia",3,False,True
51115,"Mathews County, Virginia",3,False,True
51117,"Mecklenburg County, Virginia",3,False,True
51119,"Middlesex County, Virginia",3,False,True
51121,"Montgomery County, Virginia",3,False,True
51125,"Nelson County, Virginia",3,False,True
51127,"New Kent County, Virginia",3,False,True
51131,"Northampton County, Virginia",3,False,True
51133,"Northumberland County, Virginia",3,False,True
51135,"Nottoway County, Virginia",3,False,True
51137,"Orange County, Virginia",3,False,True
51139,"Page County, Virginia",3,False,True
51141,"Patrick County, Virginia",3,False,True
51143,"Pittsylvania County, Virginia",3,False,True
51145,"Powhatan County, Virginia",3,False,True
51147,"Prince Edward County, Virginia",3,False,True
51149,"Prince George County, Virginia",3,False,True
51153,"Prince William County, Virginia",3,False,True
51155,"Pulaski County, Virginia",3,False,True
51157,"Rappahannock County, Virginia",3,False,True
51159,"Richmond County, Virginia",3,False,True
51161,"Roanoke County, Virginia",3,False,True
51163,"Rockbridge County, Virginia",3,False,True
51165,"Rockingham County, Virginia",3,False,True
51167,"Russell County, Virginia",3,False,True
51169,"Scott County, Virginia",3,False,True
51171,"Shenandoah County, Virginia",3,False,True
51173,"Smyth County, Virginia",3,False,True
51175,"Southampton County, Virginia",3,False,True
51177,"Spotsylvania County, Virginia",3,False,True
51179,"Stafford County, Virginia",3,False,True
51181,"Surry County, Virginia",3,False,True
51183,"Sussex County, Virginia",3,False,True
51185,"Tazewell County, Virginia",3,False,True
51187,"Warren County, Virginia",3,False,True
51191,"Washington County, Virginia",3,False,True
51193,"Westmoreland County, Virginia",3,False,True
51195,"Wise County, Virginia",3,False,True
51197,"Wythe County, Virginia",3,False,True
51199,"York County, Virginia",3,False,True
51510,"Alexandria city, Virginia",3,False,True
51520,"Bristol city, Virginia",3,False,True
51530,"Buena Vista city, Virginia",3,False,True
51540,"Charlottesville city, Virginia",3,False,True
51550,"Chesapeake city, Virginia",3,False,True
51570,"Colonial Heights city, Virginia",3,False,True
51580,"Covington city, Virginia",3,False,True
51590,"Danville city, Virginia",3,False,True
51595,"Emporia city, Virginia",3,False,True
51600,"Fairfax city, Virginia",3,False,True
51610,"Falls Church city, Virginia",3,False,True
51620,"Franklin city, Virginia",3,False,True
51630,"Fredericksburg city, Virginia",3,False,True
51640,"Galax city, Virginia",3,False,True
51650,"Hampton city, Virginia",3,False,True
51660,"Harrisonburg city, Virginia",3,False,True
51670,"Hopewell city, Virginia",3,False,True
51678,"Lexington city, Virginia",3,False,True
51680,"Lynchburg city, Virginia",3,False,True
51683,"Manassas city, Virginia",3,False,True
51685,"Manassas Park city, Virginia",3,False,True
51690,"Martinsville city, Virginia",3,False,True
51700,"Newport News city, Virginia",3,False,True
51710,"Norfolk city, Virginia",3,False,True
51720,"Norton city, Virginia",3,False,True
51730,"Petersburg city, Virginia",3,False,True
51735,"Poquoson city, Virginia",3,False,True
51740,"Portsmouth city, Virginia",3,False,True
51750,"Radford city, Virginia",3,False,True
51760,"Richmond city, Virginia",3,False,True
51770,"Roanoke city, Virginia",3,False,True
51775,"Salem city, Virginia",3,False,True
51790,"Staunton city, Virginia",3,False,True
51800,"Suffolk city, Virginia",3,False,True
51810,"Virginia Beach city, Virginia",3,False,True
51820,"Waynesboro city, Virginia",3,False,True
51830,"Williamsburg city, Virginia",3,False,True
51840,"Winchester city, Virginia",3,False,True
53001,"Adams County, Washington",3,False,True
53003,"Asotin County, Washington",3,False,True
53005,"Benton County, Washington",3,False,True
53007,"Chelan County, Washington",3,False,True
53009,"Clallam County, Washington",3,False,True
53011,"Clark County, Washington",3,False,True
53013,"Columbia County, Washington",3,False,True
53015,"Cowlitz County, Washington",3,False,True
53017,"Douglas County, Washington",3,False,True
53019,"Ferry County, Washington",3,False,True
53021,"Franklin County, Washington",3,False,True
53023,"Garfield County, Washington",3,False,True
53025,"Grant County, Washington",3,False,True
53027,"Grays Harbor County, Washington",3,False,True
53029,"Island County, Washington",3,False,True
53031,"Jefferson County, Washington",3,False,True
53033,"King County, Washington",3,False,True
53035,"Kitsap County, Washington",3,False,True
53037,"Kittitas County, Washington",3,False,True
53039,"Klickitat County, Washington",3,False,True
53041,"Lewis County, Washington",3,False,True
53043,"Lincoln County, Washington",3,False,True
53045,"Mason County, Washington",3,False,True
53047,"Okanogan County, Washington",3,False,True
53049,"Pacific County, Washington",3,False,True
53051,"Pend Oreille County, Washington",3,False,True
53053,"Pierce County, Washington",3,False,True
53055,"San Juan County, Washington",3,False,True
53057,"Skagit County, Washington",3,False,True
53059,"Skamania County, Washington",3,False,True
53061,"Snohomish County, Washington",3,False,True
53063,"Spokane County, Washington",3,False,True
53065,"Stevens County, Washington",3,False,True
53067,"Thurston County, Washington",3,False,True
53069,"Wahkiakum County, Washington",3,False,True
53071,"Walla Walla County, Washington",3,False,True
53073,"Whatcom County, Washington",3,False,True
53075,"Whitman County, Washington",3,False,True
53077,"Yakima County, Washington",3,False,True
54001,"Barbour County, West Virginia",3,False,True
54003,"Berkeley County, West Virginia",3,False,True
54005,"Boone County, West Virginia",3,False,True
54007,"Braxton County, West Virginia",3,False,True
54009,"Brooke County, West Virginia",3,False,True
54011,"Cabell County, West Virginia",3,False,True
54013,"Calhoun County, West Virginia",3,False,True
54015,"Clay County, West Virginia",3,False,True
54017,"Doddridge County, West Virginia",3,False,True
54019,"Fayette County, West Virginia",3,False,True
54021,"Gilmer County, West Virginia",3,False,True
54023,"Grant County, West Virginia",3,False,True
54025,"Greenbrier County, West Virginia",3,False,True
54027,"Hampshire County, West Virginia",3,False,True
54029,"Hancock County, West Virginia",3,False,True
54031,"Hardy County, West Virginia",3,False,True
54033,"Harrison County, West Virginia",3,False,True
54035,"Jackson County, West Virginia",3,False,True
54037,"Jefferson County, West Virginia",3,False,True
54039,"Kanawha County, West Virginia",3,False,True
54041,"Lewis County, West Virginia",3,False,True
54043,"Lincoln County, West Virginia",3,False,True
54045,"Logan County, West Virginia",3,False,True
54047,"McDowell County, West Virginia",3,False,True
54049,"Marion County, West Virginia",3,False,True
54051,"Marshall County, West Virginia",3,False,True
54053,"Mason County, West Virginia",3,False,True
54055,"Mercer County, West Virginia",3,False,True
54057,"Mineral County, West Virginia",3,False,True
54059,"Mingo County, West Virginia",3,False,True
54061,"Monongalia County, West Virginia",3,False,True
54063,"Monroe County, West Virginia",3,False,True
54065,"Morgan County, West Virginia",3,False,True
54067,"Nicholas County, West Virginia",3,False,True
54069,"Ohio County, West Virginia",3,False,True
54071,"Pendleton County, West Virginia",3,False,True
54073,"Pleasants County, West Virginia",3,False,True
54075,"Pocahontas County, West Virginia",3,False,True
54077,"Preston County, West Virginia",3,False,True
54079,"Putnam County, West Virginia",3,False,True
54081,"Raleigh County, West Virginia",3,False,True
54083,"Randolph County, West Virginia",3,False,True
54085,"Ritchie County, West Virginia",3,False,True
54087,"Roane County, West Virginia",3,False,True
54089,"Summers County, West Virginia",3,False,True
54091,"Taylor County, West Virginia",3,False,True
54093,"Tucker County, West Virginia",3,False,True
54095,"Tyler County, West Virginia",3,False,True
54097,"Upshur County, West Virginia",3,False,True
54099,"Wayne County, West Virginia",3,False,True
54101,"Webster County, West Virginia",3,False,True
54103,"Wetzel County, West Virginia",3,False,True
54105,"Wirt County, West Virginia",3,False,True
54107,"Wood County, West Virginia",3,False,True
54109,"Wyoming County, West Virginia",3,False,True
55001,"Adams County, Wisconsin",3,False,True
55003,"Ashland County, Wisconsin",3,False,True
55005,"Barron County, Wisconsin",3,False,True
55007,"Bayfield County, Wisconsin",3,False,True
55009,"Brown County, Wisconsin",3,False,True
55011,"Buffalo County, Wisconsin",3,False,True
55013,"Burnett County, Wisconsin",3,False,True
55015,"Calumet County, Wisconsin",3,False,True
55017,"Chippewa County, Wisconsin",3,False,True
55019,"Clark County, Wisconsin",3,False,True
55021,"Columbia County, Wisconsin",3,False,True
55023,"Crawford County, Wisconsin",3,False,True
55025,"Dane County, Wisconsin",3,False,True
55027,"Dodge County, Wisconsin",3,False,True
55029,"Door County, Wisconsin",3,False,True
55031,"Douglas County, Wisconsin",3,False,True
55033,"Dunn County, Wisconsin",3,False,True
55035,"Eau Claire County, Wisconsin",3,False,True
55037,"Florence County, Wisconsin",3,False,True
55039,"Fond du Lac County, Wisconsin",3,False,True
55041,"Forest County, Wisconsin",3,False,True
55043,"Grant County, Wisconsin",3,False,True
55045,"Green County, Wisconsin",3,False,True
55047,"Green Lake County, Wisconsin",3,False,True
55049,"Iowa County, Wisconsin",3,False,True
55051,"Iron County, Wisconsin",3,False,True
55053,"Jackson County, Wisconsin",3,False,True
55055,"Jefferson County, Wisconsin",3,False,True
55057,"Juneau County, Wisconsin",3,False,True
55059,"Kenosha County, Wisconsin",3,False,True
55061,"Kewaunee County, Wisconsin",3,False,True
55063,"La Crosse County, Wisconsin",3,False,True
55065,"Lafayette County, Wisconsin",3,False,True
55067,"Langlade County, Wisconsin",3,False,True
55069,"Lincoln County, Wisconsin",3,False,True
55071,"Manitowoc County, Wisconsin",3,False,True
55073,"Marathon County, Wisconsin",3,False,True
55075,"Marinette County, Wisconsin",3,False,True
55077,"Marquette County, Wisconsin",3,False,True
55078,"Menominee County, Wisconsin",3,False,True
55079,"Milwaukee County, Wisconsin",3,False,True
55081,"Monroe County, Wisconsin",3,False,True
55083,"Oconto County, Wisconsin",3,False,True
55085,"Oneida County, Wisconsin",3,False,True
55087,"Outagamie County, Wisconsin",3,False,True
55089,"Ozaukee County, Wisconsin",3,False,True
55091,"Pepin County, Wisconsin",3,False,True
55093,"Pierce County, Wisconsin",3,False,True
55095,"Polk County, Wisconsin",3,False,True
55097,"Portage County, Wisconsin",3,False,True
55099,"Price County, Wisconsin",3,False,True
55101,"Racine County, Wisconsin",3,False,True
55103,"Richland County, Wisconsin",3,False,True
55105,"Rock County, Wisconsin",3,False,True
55107,"Rusk County, Wisconsin",3,False,True
55109,"St. Croix County, Wisconsin",3,False,True
55111,"Sauk County, Wisconsin",3,False,True
55113,"Sawyer County, Wisconsin",3,False,True
55115,"Shawano County, Wisconsin",3,False,True
55117,"Sheboygan County, Wisconsin",3,False,True
55119,"Taylor County, Wisconsin",3,False,True
55121,"Trempealeau County, Wisconsin",3,False,True
55123,"Vernon County, Wisconsin",3,False,True
55125,"Vilas County, Wisconsin",3,False,True
55127,"Walworth County, Wisconsin",3,False,True
55129,"Washburn County, Wisconsin",3,False,True
55131,"Washington County, Wisconsin",3,False,True
55133,"Waukesha County, Wisconsin",3,False,True
55135,"Waupaca County, Wisconsin",3,False,True
55137,"Waushara County, Wisconsin",3,False,True
55139,"Winnebago County, Wisconsin",3,False,True
55141,"Wood County, Wisconsin",3,False,True
56001,"Albany County, Wyoming",3,False,True
56003,"Big Horn County, Wyoming",3,False,True
56005,"Campbell County, Wyoming",3,False,True
56007,"Carbon County, Wyoming",3,False,True
56009,"Converse County, Wyoming",3,False,True
56011,"Crook County, Wyoming",3,False,True
56013,"Fremont County, Wyoming",3,False,True
56015,"Goshen County, Wyoming",3,False,True
56017,"Hot Springs County, Wyoming",3,False,True
56019,"Johnson County, Wyoming",3,False,True
56021,"Laramie County, Wyoming",3,False,True
56023,"Lincoln County, Wyoming",3,False,True
56025,"Natrona County, Wyoming",3,False,True
56027,"Niobrara County, Wyoming",3,False,True
56029,"Park County, Wyoming",3,False,True
56031,"Platte County, Wyoming",3,False,True
56033,"Sheridan County, Wyoming",3,False,True
56035,"Sublette County, Wyoming",3,False,True
56037,"Sweetwater County, Wyoming",3,False,True
56039,"Teton County, Wyoming",3,False,True
56041,"Uinta County, Wyoming",3,False,True
56043,"Washakie County, Wyoming",3,False,True
56045,"Weston County, Wyoming",3,False,True
